original,item_as_in_the_list,item_type,item_genus,genre,object_form,object_genus,autor,title,ident,time,Edition,publisher_all,publishing,media,web-media,person_public,city_of_publication,year_of_publication,storage_medium,Узкая оценка,Узкая оценка-2,Доп. подробности,Сомнительность,url,court,date_of_design,add_date,lemmatized,predicted
"Листовка «ВОЗВАНИЕ ПРИЗЫВ», обнаруженная 11.04.2005 в подъездах жилых домов № 5 по ул. Кирова, №№ 12, 17 по ул. Амурской в г. Владивостоке",Листовка,Листовка,Листовка,Публицистика,текст,бумажный документ,,ВОЗВАНИЕ ПРИЗЫВ,,,,,,,,,,,Бумага,???,,"найдена в подъездах жилых домов №5 по ул. Кирова, №№12, 17 по ул. Амурской в г. Владивостоке ",0.0,,Советский районный суд Владивостока,2008-10-24 00:00:00,2009-02-05,подъезд владивосток возвание ул жилой амурский г обнаруживать призыв киров листовка дом,Национальная рознь
Интернет-ресурс http://reinform.livejournal.com,Интернет-ресурс,Блог на платформе,Веб-сайт,Публицистика,мультимедиа,веб-сайт,,ЖЖ reinform.livejournal.com,0.0,,,,,,livejournal.com,,,,Удаленный сервер,???,,,0.0,reinform.livejournal.com,Кировский районный суд Уфы,2009-06-01 00:00:00,2009-07-28,ресурс интернет,Национальная рознь
"Публикация «Слово о свободе», размещенная на официально зарегистрированной Интернет - странице на сайте «www.Livejornal.com»",Публикация,Статья на веб-сайте,Статья,Публицистика,текст,отдельная веб-страница,,Слово о свободе,,,,,,,livejournal.com,,,,Удаленный сервер,???,,,0.0,Livejornal.com,Центральный районный суд Кемерово,2009-10-15 00:00:00,2010-01-20,сайт страница слово интернет публикация зарегистрировать официально свобода размещать,Национальная рознь
"Публикация «Курицы вы, больше никто», размещенная на сайте в сети Интернет",Публикация,Статья на веб-сайте,Статья,Публицистика,текст,отдельная веб-страница,,"Курицы вы, больше никто",,,,,,,ne ukaz,,,,Удаленный сервер,???,,,0.0,ne ukaz,Улетовский районный суд Читинской области,2009-03-23 00:00:00,2010-04-02,сайт курица интернет публикация сеть размещать,Национальная рознь
"Газета «Свободная Республика» № 40 (189), содержащую статью «Тяжелые похороны. Президент получил от ворот поворот»","Газета, содержащая статью",Статья в газете/журнале,Статья,Публицистика,текст,периодическое издание,,Тяжелые похороны. Президент получил от ворот поворот,2.0,,,Свободная Республика №40 (189),Свободная Республика №40 (189),Свободная Республика №40 (189),,Свободная Республика №40 (189),,,Бумага,???,,,0.0,,Советский районный суд Махачкалы,2010-04-21 00:00:00,2010-07-22,тяжелый республика получать похороны ворота президент статья свободный газета поворот содержать,Национальная рознь
Видеоматериал «KAVKAZ» на Интернет-странице по электронному адресу: http:vkontakte.ru/id28497819,Видеоматериал,Видеоролик,Видеоролик,Публицистика,видео,файл,,KAVKAZ,,,,,,,vk.com,,,,Удаленный сервер,???,,,0.0,vk.com/id28497819,Ленинский районный суд Кемерово,2010-05-25 00:00:00,2010-07-22,электронный страница адрес интернет видеоматериал,Национальная рознь
"Архив старой версии блога, размещенного в сети Интернет на сайте http://iepifanz.liveiournal.com/",Архив блога,Блог на платформе,Веб-сайт,Публицистика,мультимедиа,веб-сайт,,ЖЖ iepifanz.liveiournal.com,,,,,,,livejournal.com,,,,Удаленный сервер,???,,,0.0,iepifanz.livejournal.com,Миякинский районный суд Республики Башкортостан,2010-12-21 00:00:00,2011-02-17,блог сайт интернет архив сеть старый размещать версия,Национальная рознь
"Материалы, размещенные в сети Интернет по электронному адресу http://iepifanz.liveiournal.com/",Материал сети Интернет,Блог на платформе,Веб-сайт,Публицистика,мультимедиа,веб-сайт,,ЖЖ iepifanz.liveiournal.com,,,,,,,livejournal.com,,,,Удаленный сервер,???,,,0.0,iepifanz.livejournal.com,Миякинский районный суд Республики Башкортостан,2010-12-21 00:00:00,2011-02-17,электронный сеть адрес интернет материал размещать,Национальная рознь
"Информационный материал, содержащийся в листовке «Мы не доверяем этой власти!»",Информационный материал листовки,Листовка,Листовка,Агитматериал,изображение,бумажный документ,,Мы не доверяем этой власти!,,,,,,,,,,,Бумага,???,,,0.0,,Рудничный районный суд Прокопьевска Кемеровской области,2011-09-20 00:00:00,2011-11-16,доверять содержаться власть материал информационный листовка,Национальная рознь
Брошюра «Россия ополчается против разрушителей»,Брошюра,Брошюра,Непериодическое издание,Публицистика,текст,непериодическое издание,,Россия ополчается против разрушителей,,,,,,,,,,,Бумага,???,,,0.0,,Ленинский районный суд Воронежа,2011-06-28 00:00:00,2011-11-16,брошюра россия ополчаться разрушитель,Национальная рознь
Печатное издание — брошюра «Новости 11.04.2010»,Брошюра,Брошюра,Непериодическое издание,Публицистика,текст,непериодическое издание,,Новости 11.04.2010,,,,,,,,,,2010,Бумага,???,,,0.0,,Ленинский районный суд Уфы,2011-02-17 00:00:00,2012-03-16,издание новость печатный брошюра,Религиозная рознь
"Текстовые фрагменты, фотографии с текстами-комментариями и графические изображения с подписями, опубликованные в виде гипертекста, размещенные на странице социальной компьютерной сети «Вконтакте» http://vkontakte.ru/id81169264","Текстовый фрагмент, фотография с текстами-комментариями и графическое изображение с подписями",Страница соц.сети,Аккаунт соц.сети / группа,Публицистика,мультимедиа,веб-сайт,,Интернет-постеры на странице в соц.сети,,,,vk.com,,,vk.com,vk.com,,,Удаленный сервер,???,,,0.0,vk.com/id81169264,Кировский районный суд Уфы,2012-07-03 00:00:00,2012-09-26,фрагмент фотография графический опубликовывать страница сеть текстовый вид комментарий изображение социальный текст подпись компьютерный вконтакте размещать гипертекст,Национальная рознь
"Информационные видео и фотоматериалы, размещенные в информационно-телекоммуникационной сети «Интернет» по адресам: http://vkontakte.ru/video50777990_141480124; http://vkontakte.ru/video50777990_138161598; http://vkontakte.ru/video50777990_1381615940; http://vkontakte.ru/video50777990_138160905; http://vkontakte.ru/video50777990_137839883; http://vkontakte.ru/video50777990_137462206; http://vkontakte.ru/video50777990_136783966; http://vkontakte.ru/id90206929#/album93733856_120846310",Информационные видео,Видеоролик,Видеоролик,Публицистика,видео,файл,,Видеоролик на странице ВК: vk.com/video50777990_141480124,0.0,,,,,,vk.com,,,,Удаленный сервер,???,,,0.0,vk.com/video50777990_141480124,Кировский районный суд Иркутска,2012-06-04 00:00:00,2012-11-09,видео сеть адрес интернет телекоммуникационный информационный фотоматериал размещать,Национальная рознь
"Информационные видео и фотоматериалы, размещенные в информационно-телекоммуникационной сети «Интернет» по адресам: http://vkontakte.ru/video50777990_141480124; http://vkontakte.ru/video50777990_138161598; http://vkontakte.ru/video50777990_1381615940; http://vkontakte.ru/video50777990_138160905; http://vkontakte.ru/video50777990_137839883; http://vkontakte.ru/video50777990_137462206; http://vkontakte.ru/video50777990_136783966; http://vkontakte.ru/id90206929#/album93733856_120846310",Информационные видео,Видеоролик,Видеоролик,Публицистика,видео,файл,,Видеоролик на странице ВК: vk.com/video50777990_138161598,0.0,,,,,,vk.com,,,,Удаленный сервер,???,,,0.0,vk.com/video50777990_138161598,Кировский районный суд Иркутска,2012-06-04 00:00:00,2012-11-09,видео сеть адрес интернет телекоммуникационный информационный фотоматериал размещать,Национальная рознь
"Информационные видео и фотоматериалы, размещенные в информационно-телекоммуникационной сети «Интернет» по адресам: http://vkontakte.ru/video50777990_141480124; http://vkontakte.ru/video50777990_138161598; http://vkontakte.ru/video50777990_1381615940; http://vkontakte.ru/video50777990_138160905; http://vkontakte.ru/video50777990_137839883; http://vkontakte.ru/video50777990_137462206; http://vkontakte.ru/video50777990_136783966; http://vkontakte.ru/id90206929#/album93733856_120846310",Информационные видео,Видеоролик,Видеоролик,Публицистика,видео,файл,,Видеоролик на странице ВК: vk.com/video50777990_1381615940,0.0,,,,,,vk.com,,,,Удаленный сервер,???,,,0.0,vk.com/video50777990_1381615940,Кировский районный суд Иркутска,2012-06-04 00:00:00,2012-11-09,видео сеть адрес интернет телекоммуникационный информационный фотоматериал размещать,Национальная рознь
"Информационные видео и фотоматериалы, размещенные в информационно-телекоммуникационной сети «Интернет» по адресам: http://vkontakte.ru/video50777990_141480124; http://vkontakte.ru/video50777990_138161598; http://vkontakte.ru/video50777990_1381615940; http://vkontakte.ru/video50777990_138160905; http://vkontakte.ru/video50777990_137839883; http://vkontakte.ru/video50777990_137462206; http://vkontakte.ru/video50777990_136783966; http://vkontakte.ru/id90206929#/album93733856_120846310",Информационные видео,Видеоролик,Видеоролик,Публицистика,видео,файл,,Видеоролик на странице ВК: vk.com/video50777990_138160905,0.0,,,,,,vk.com,,,,Удаленный сервер,???,,,0.0,vk.com/video50777990_138160905,Кировский районный суд Иркутска,2012-06-04 00:00:00,2012-11-09,видео сеть адрес интернет телекоммуникационный информационный фотоматериал размещать,Национальная рознь
"Информационные видео и фотоматериалы, размещенные в информационно-телекоммуникационной сети «Интернет» по адресам: http://vkontakte.ru/video50777990_141480124; http://vkontakte.ru/video50777990_138161598; http://vkontakte.ru/video50777990_1381615940; http://vkontakte.ru/video50777990_138160905; http://vkontakte.ru/video50777990_137839883; http://vkontakte.ru/video50777990_137462206; http://vkontakte.ru/video50777990_136783966; http://vkontakte.ru/id90206929#/album93733856_120846310",Информационные видео,Видеоролик,Видеоролик,Публицистика,видео,файл,,Видеоролик на странице ВК: vk.com/video50777990_137839883,0.0,,,,,,vk.com,,,,Удаленный сервер,???,,,0.0,vk.com/video50777990_137839883,Кировский районный суд Иркутска,2012-06-04 00:00:00,2012-11-09,видео сеть адрес интернет телекоммуникационный информационный фотоматериал размещать,Национальная рознь
"Информационные видео и фотоматериалы, размещенные в информационно-телекоммуникационной сети «Интернет» по адресам: http://vkontakte.ru/video50777990_141480124; http://vkontakte.ru/video50777990_138161598; http://vkontakte.ru/video50777990_1381615940; http://vkontakte.ru/video50777990_138160905; http://vkontakte.ru/video50777990_137839883; http://vkontakte.ru/video50777990_137462206; http://vkontakte.ru/video50777990_136783966; http://vkontakte.ru/id90206929#/album93733856_120846310",Информационные видео,Видеоролик,Видеоролик,Публицистика,видео,файл,,Видеоролик на странице ВК: vk.com/video50777990_137462206,0.0,,,,,,vk.com,,,,Удаленный сервер,???,,,0.0,vk.com/video50777990_137462206,Кировский районный суд Иркутска,2012-06-04 00:00:00,2012-11-09,видео сеть адрес интернет телекоммуникационный информационный фотоматериал размещать,Национальная рознь
"Информационные видео и фотоматериалы, размещенные в информационно-телекоммуникационной сети «Интернет» по адресам: http://vkontakte.ru/video50777990_141480124; http://vkontakte.ru/video50777990_138161598; http://vkontakte.ru/video50777990_1381615940; http://vkontakte.ru/video50777990_138160905; http://vkontakte.ru/video50777990_137839883; http://vkontakte.ru/video50777990_137462206; http://vkontakte.ru/video50777990_136783966; http://vkontakte.ru/id90206929#/album93733856_120846310",Информационные видео,Видеоролик,Видеоролик,Публицистика,видео,файл,,Видеоролик на странице ВК: vk.com/video50777990_136783966,0.0,,,,,,vk.com,,,,Удаленный сервер,???,,,0.0,vk.com/video50777990_136783966,Кировский районный суд Иркутска,2012-06-04 00:00:00,2012-11-09,видео сеть адрес интернет телекоммуникационный информационный фотоматериал размещать,Национальная рознь
"Информационные видео и фотоматериалы, размещенные в информационно-телекоммуникационной сети «Интернет» по адресам: http://vkontakte.ru/video50777990_141480124; http://vkontakte.ru/video50777990_138161598; http://vkontakte.ru/video50777990_1381615940; http://vkontakte.ru/video50777990_138160905; http://vkontakte.ru/video50777990_137839883; http://vkontakte.ru/video50777990_137462206; http://vkontakte.ru/video50777990_136783966; http://vkontakte.ru/id90206929#/album93733856_120846310",Информационный фотоматериал,Постер,Изображение,Публицистика,изображение,файл,,Фото из альбома в ВК: vkontakte.ru/id90206929#/album93733856_120846310,,,,,,,vk.com,,,,Удаленный сервер,???,,,0.0,vk.com/id90206929#/album93733856_120846310 ,Кировский районный суд Иркутска,2012-06-04 00:00:00,2012-11-09,видео сеть адрес интернет телекоммуникационный информационный фотоматериал размещать,Национальная рознь
"Информационные материалы статья «Предстоящие выборы и будущая революция.», размещенная в сети Интернет на ресурсах информационного справочного портала «Город 48» бkju «Ъ» (www mygorod48 ru\peopl\user3413\blog\6087)",Статья,Статья на веб-сайте,Статья,Публицистика,текст,отдельная веб-страница,,Предстоящие выборы и будущая революция,,,,"блог ""Ъ"" на сайте ""Город 48"", mygorod48.ru\peopl\user3413\blog\6087","блог ""Ъ"" на сайте ""Город 48"", mygorod48.ru\peopl\user3413\blog\6087","блог ""Ъ"" на сайте ""Город 48"", mygorod48.ru\peopl\user3413\blog\6087",mygorod48.ru,"блог ""Ъ"" на сайте ""Город 48"", mygorod48.ru\peopl\user3413\blog\6087",,,Удаленный сервер,???,,,0.0,mygorod48.ru/people/user3413/blog/6087,Советский районный суд Липецка,2012-07-04 00:00:00,2012-11-09,портал ресурс сеть выборы предстоящий статья материал революция интернет будущий справочный город информационный размещать,Национальная рознь
Интернет-ресурс http://vk.com|id22702754#/id65375869,Интернет-ресурс,Страница соц.сети,Аккаунт соц.сети / группа,Публицистика,мультимедиа,веб-сайт,,страница ВК id22702754#/id65375869,0.0,,,vk.com/id22702754#/id65375869,,,vk.com,vk.com/id22702754#/id65375869,,,Удаленный сервер,???,,,0.0,vk.com/id22702754#/id65375869,Октябрьский городской суд Республики Башкортостан,2012-07-04 00:00:00,2012-12-07,ресурс интернет,Национальная рознь
Интернет – ресурс http://www.minjust.net и содержащиеся на нем информационные материалы,Интернет-ресурс и размещенные на нем материалы,Веб-сайт целиком,Веб-сайт,Публицистика,мультимедиа,веб-сайт,,Сайт minjust.net,,,,,,,minjust.net,,,,Удаленный сервер,???,,,0.0,minjust.net,Самарский районный суд Самары,2012-08-13 00:00:00,2012-12-07,содержаться ресурс материал интернет немой информационный,Национальная рознь
Интернет – ресурс http://www.rabidshare.info и содержащиеся на нем информационные материалы,Интернет-ресурс и размещенные на нем материалы,Веб-сайт целиком,Веб-сайт,Публицистика,мультимедиа,веб-сайт,,Сайт rabidshare.info,0.0,,,,,,rabidshare.info,,,,Удаленный сервер,???,,,0.0,rabidshare.info,Самарский районный суд Самары,2012-08-13 00:00:00,2012-12-07,содержаться ресурс материал интернет немой информационный,Национальная рознь
"Листовка, содержащая призывы к осуществлению экстремистской деятельности, направленные на возбуждение ненависти, вражды и унижение человеческого достоинства, которую распространили в общественном месте - в подъездах жилых домов, расположенных по ул. Мира, ул. Интернациональная в г. Шахтерске Углегорского района Сахалинской области",Листовка,Листовка,Листовка,Публицистика,текст,бумажный документ,,"Листовка, содержащая призывы к осуществлению экстремистской деятельности, направленные на возбуждение ненависти, вражды и унижение человеческого достоинства",,,,,,,,,,,Бумага,???,,"в подъездах жилых домов по ул. Мира, ул. Интернациональная в г. Шахтерске Углегорского района Сахалинской области ",0.0,,Углегорский городской суд Сахалинской области,2012-12-18 00:00:00,2013-03-15,располагать возбуждение сахалинский призыв экстремистский листовка место содержать ул общественный вражда направлять дом ненависть деятельность жилой мир район шахтерск унижение область интернациональный подъезд достоинство г распространять осуществление углегорский человеческий,Национальная рознь
"Видеоклип «Коктейль Молотова», продолжительностью 8 мин. 58 сек, размещенный в международной компьютерной сети Интернет на сайте социальной сети «Вконтакте» http://vk.com на странице пользователя «Олег Oleg Семерин», ресурсу www.youtube.com",Видеоклип,Видеоролик,Видеоролик,Публицистика,видео,файл,,Коктейль Молотова,0.0,(08:58),,Олег Oleg Семерин,,,vk.com,Олег Oleg Семерин,,,Удаленный сервер,???,,,0.0,vk.com,Канавинский районный суд Нижнего Новгорода,2013-08-20 00:00:00,2013-12-17,компьютерный страница видеоклип интернет социальный сеть продолжительность сайт ресурс вконтакте размещать сечь олег пользователь семерин международный мина коктейль молотов,Религиозная рознь
"Видеоклип «Коктейль Молотова», продолжительностью 8 мин. 58 сек, размещенный в международной компьютерной сети Интернет на сайте социальной сети «Вконтакте» http://vk.com на странице пользователя «Олег Oleg Семерин», ресурсу www.youtube.com",Видеоклип,Видеоролик,Видеоролик,Публицистика,видео,файл,,Коктейль Молотова,0.0,(08:58),,Олег Oleg Семерин,,,youtube.com,Олег Oleg Семерин,,,Удаленный сервер,???,,,0.0,youtube.com,Канавинский районный суд Нижнего Новгорода,2013-08-20 00:00:00,2013-12-17,компьютерный страница видеоклип интернет социальный сеть продолжительность сайт ресурс вконтакте размещать сечь олег пользователь семерин международный мина коктейль молотов,Религиозная рознь
"Видеоматериалы: bom 1, Brannik Whit Power, HONOP Full Of Hate, Skinhead, VIVAT ROSSIA, Банда Москвы – Русский солдат, Митинг, Последний бой, «УЛЬТИМАТУМ», Прямое действие; аудиоматериалы: Б.И.-14 Коловрат «Правый бритоголовый», Б.И.-14 Банда Москвы «Салютуй моей стране», Б.И.-14 Киборг «Слава России», Б.И.-14 Циклон Б «Это наш век», Б.И.-14 – ДИВ «Злой хер», Б.И.-14 – «Скороспилсия Трепещите», Б.И.-14 – Доберман «За новый рассвет», Б.И.-14 – доберман «Черное пятно», Б.И.-14 – Сленг «Чеченский террор», Б.И.-14 – Склеп «Патриот», Б.И.-14 – Духи цеха «N.D», Коловрат – Россия, Банда Москвы – Арийский Легион, Вандал – Наш Путь, Коловрат – Московский Скинхеды, Позиция – Без _палева-bg, Коловрат – Наша страна, Банда Москвы – Уличный бой, CWT – 15 Суток, Позиция – Dont stop hooligans-bg, Коловрат – Бесстрашный, Белый и Гордый, Коловрат – Девятый Вал, Циклон Б - Ты Skinhead и я",Видеоматериал,Видеоролик,Видеоролик,Публицистика,видео,файл,,bom 1,,,,,,,,,,,не указан,Русский национализм,Расизм,"Предположительно, это диск с ""правой музыкой и клипами""",0.0,,Вилючинский городской суд Камчатского края,2013-10-10 00:00:00,2014-01-24,пятно доберман последний бесстрашный солдат девятый митинг правый прямой слава легион уличный позиция белый цех ультиматум коловрат террор палево склеп вал видеоматериал сутки действие бритоголовый аудиоматериал чеченский патриот новый скинхед циклон рассвет век страна салютовать москва киборг арийский бой русский хер злой дух скороспилсия черный путь гордый московский диво россия банда сленг трепетать вандал,Национальная рознь
"Видеоматериалы: bom 1, Brannik Whit Power, HONOP Full Of Hate, Skinhead, VIVAT ROSSIA, Банда Москвы – Русский солдат, Митинг, Последний бой, «УЛЬТИМАТУМ», Прямое действие; аудиоматериалы: Б.И.-14 Коловрат «Правый бритоголовый», Б.И.-14 Банда Москвы «Салютуй моей стране», Б.И.-14 Киборг «Слава России», Б.И.-14 Циклон Б «Это наш век», Б.И.-14 – ДИВ «Злой хер», Б.И.-14 – «Скороспилсия Трепещите», Б.И.-14 – Доберман «За новый рассвет», Б.И.-14 – доберман «Черное пятно», Б.И.-14 – Сленг «Чеченский террор», Б.И.-14 – Склеп «Патриот», Б.И.-14 – Духи цеха «N.D», Коловрат – Россия, Банда Москвы – Арийский Легион, Вандал – Наш Путь, Коловрат – Московский Скинхеды, Позиция – Без _палева-bg, Коловрат – Наша страна, Банда Москвы – Уличный бой, CWT – 15 Суток, Позиция – Dont stop hooligans-bg, Коловрат – Бесстрашный, Белый и Гордый, Коловрат – Девятый Вал, Циклон Б - Ты Skinhead и я",Видеоматериал,Любительский клип,Видеоклип,Художественный текст,видео,файл,null;Honor,Full Of Hate,1.0,,,,,,,,,,не указан,Русский национализм,Расизм,В Списке неверно указано название группы,0.0,,Вилючинский городской суд Камчатского края,2013-10-10 00:00:00,2014-01-24,пятно доберман последний бесстрашный солдат девятый митинг правый прямой слава легион уличный позиция белый цех ультиматум коловрат террор палево склеп вал видеоматериал сутки действие бритоголовый аудиоматериал чеченский патриот новый скинхед циклон рассвет век страна салютовать москва киборг арийский бой русский хер злой дух скороспилсия черный путь гордый московский диво россия банда сленг трепетать вандал,Национальная рознь
"Видеоматериалы: bom 1, Brannik Whit Power, HONOP Full Of Hate, Skinhead, VIVAT ROSSIA, Банда Москвы – Русский солдат, Митинг, Последний бой, «УЛЬТИМАТУМ», Прямое действие; аудиоматериалы: Б.И.-14 Коловрат «Правый бритоголовый», Б.И.-14 Банда Москвы «Салютуй моей стране», Б.И.-14 Киборг «Слава России», Б.И.-14 Циклон Б «Это наш век», Б.И.-14 – ДИВ «Злой хер», Б.И.-14 – «Скороспилсия Трепещите», Б.И.-14 – Доберман «За новый рассвет», Б.И.-14 – доберман «Черное пятно», Б.И.-14 – Сленг «Чеченский террор», Б.И.-14 – Склеп «Патриот», Б.И.-14 – Духи цеха «N.D», Коловрат – Россия, Банда Москвы – Арийский Легион, Вандал – Наш Путь, Коловрат – Московский Скинхеды, Позиция – Без _палева-bg, Коловрат – Наша страна, Банда Москвы – Уличный бой, CWT – 15 Суток, Позиция – Dont stop hooligans-bg, Коловрат – Бесстрашный, Белый и Гордый, Коловрат – Девятый Вал, Циклон Б - Ты Skinhead и я",Видеоматериал,Видеоролик,Видеоролик,Публицистика,видео,файл,,Skinhead (2201),,,,,,,,,,,не указан,Русский национализм,Расизм,,0.0,,Вилючинский городской суд Камчатского края,2013-10-10 00:00:00,2014-01-24,пятно доберман последний бесстрашный солдат девятый митинг правый прямой слава легион уличный позиция белый цех ультиматум коловрат террор палево склеп вал видеоматериал сутки действие бритоголовый аудиоматериал чеченский патриот новый скинхед циклон рассвет век страна салютовать москва киборг арийский бой русский хер злой дух скороспилсия черный путь гордый московский диво россия банда сленг трепетать вандал,Национальная рознь
"Видеоматериалы: bom 1, Brannik Whit Power, HONOP Full Of Hate, Skinhead, VIVAT ROSSIA, Банда Москвы – Русский солдат, Митинг, Последний бой, «УЛЬТИМАТУМ», Прямое действие; аудиоматериалы: Б.И.-14 Коловрат «Правый бритоголовый», Б.И.-14 Банда Москвы «Салютуй моей стране», Б.И.-14 Киборг «Слава России», Б.И.-14 Циклон Б «Это наш век», Б.И.-14 – ДИВ «Злой хер», Б.И.-14 – «Скороспилсия Трепещите», Б.И.-14 – Доберман «За новый рассвет», Б.И.-14 – доберман «Черное пятно», Б.И.-14 – Сленг «Чеченский террор», Б.И.-14 – Склеп «Патриот», Б.И.-14 – Духи цеха «N.D», Коловрат – Россия, Банда Москвы – Арийский Легион, Вандал – Наш Путь, Коловрат – Московский Скинхеды, Позиция – Без _палева-bg, Коловрат – Наша страна, Банда Москвы – Уличный бой, CWT – 15 Суток, Позиция – Dont stop hooligans-bg, Коловрат – Бесстрашный, Белый и Гордый, Коловрат – Девятый Вал, Циклон Б - Ты Skinhead и я",Видеоматериал,Любительский клип,Видеоклип,Художественный текст,видео,файл,null;Банда Москвы,Русский солдат,1.0,,,,,,,,,,не указан,Русский национализм,Расизм,,0.0,,Вилючинский городской суд Камчатского края,2013-10-10 00:00:00,2014-01-24,пятно доберман последний бесстрашный солдат девятый митинг правый прямой слава легион уличный позиция белый цех ультиматум коловрат террор палево склеп вал видеоматериал сутки действие бритоголовый аудиоматериал чеченский патриот новый скинхед циклон рассвет век страна салютовать москва киборг арийский бой русский хер злой дух скороспилсия черный путь гордый московский диво россия банда сленг трепетать вандал,Национальная рознь
"Видеоматериалы: bom 1, Brannik Whit Power, HONOP Full Of Hate, Skinhead, VIVAT ROSSIA, Банда Москвы – Русский солдат, Митинг, Последний бой, «УЛЬТИМАТУМ», Прямое действие; аудиоматериалы: Б.И.-14 Коловрат «Правый бритоголовый», Б.И.-14 Банда Москвы «Салютуй моей стране», Б.И.-14 Киборг «Слава России», Б.И.-14 Циклон Б «Это наш век», Б.И.-14 – ДИВ «Злой хер», Б.И.-14 – «Скороспилсия Трепещите», Б.И.-14 – Доберман «За новый рассвет», Б.И.-14 – доберман «Черное пятно», Б.И.-14 – Сленг «Чеченский террор», Б.И.-14 – Склеп «Патриот», Б.И.-14 – Духи цеха «N.D», Коловрат – Россия, Банда Москвы – Арийский Легион, Вандал – Наш Путь, Коловрат – Московский Скинхеды, Позиция – Без _палева-bg, Коловрат – Наша страна, Банда Москвы – Уличный бой, CWT – 15 Суток, Позиция – Dont stop hooligans-bg, Коловрат – Бесстрашный, Белый и Гордый, Коловрат – Девятый Вал, Циклон Б - Ты Skinhead и я",Видеоматериал,Видеоролик,Видеоролик,Публицистика,видео,файл,,Митинг,,,,,,,,,,,не указан,Русский национализм,Расизм,,0.0,,Вилючинский городской суд Камчатского края,2013-10-10 00:00:00,2014-01-24,пятно доберман последний бесстрашный солдат девятый митинг правый прямой слава легион уличный позиция белый цех ультиматум коловрат террор палево склеп вал видеоматериал сутки действие бритоголовый аудиоматериал чеченский патриот новый скинхед циклон рассвет век страна салютовать москва киборг арийский бой русский хер злой дух скороспилсия черный путь гордый московский диво россия банда сленг трепетать вандал,Национальная рознь
"Видеоматериалы: bom 1, Brannik Whit Power, HONOP Full Of Hate, Skinhead, VIVAT ROSSIA, Банда Москвы – Русский солдат, Митинг, Последний бой, «УЛЬТИМАТУМ», Прямое действие; аудиоматериалы: Б.И.-14 Коловрат «Правый бритоголовый», Б.И.-14 Банда Москвы «Салютуй моей стране», Б.И.-14 Киборг «Слава России», Б.И.-14 Циклон Б «Это наш век», Б.И.-14 – ДИВ «Злой хер», Б.И.-14 – «Скороспилсия Трепещите», Б.И.-14 – Доберман «За новый рассвет», Б.И.-14 – доберман «Черное пятно», Б.И.-14 – Сленг «Чеченский террор», Б.И.-14 – Склеп «Патриот», Б.И.-14 – Духи цеха «N.D», Коловрат – Россия, Банда Москвы – Арийский Легион, Вандал – Наш Путь, Коловрат – Московский Скинхеды, Позиция – Без _палева-bg, Коловрат – Наша страна, Банда Москвы – Уличный бой, CWT – 15 Суток, Позиция – Dont stop hooligans-bg, Коловрат – Бесстрашный, Белый и Гордый, Коловрат – Девятый Вал, Циклон Б - Ты Skinhead и я",Видеоматериал,Видеоролик,Видеоролик,Публицистика,видео,файл,,Последний бой,,,,,,,,,,,не указан,Русский национализм,Расизм,,0.0,,Вилючинский городской суд Камчатского края,2013-10-10 00:00:00,2014-01-24,пятно доберман последний бесстрашный солдат девятый митинг правый прямой слава легион уличный позиция белый цех ультиматум коловрат террор палево склеп вал видеоматериал сутки действие бритоголовый аудиоматериал чеченский патриот новый скинхед циклон рассвет век страна салютовать москва киборг арийский бой русский хер злой дух скороспилсия черный путь гордый московский диво россия банда сленг трепетать вандал,Национальная рознь
"Видеоматериалы: bom 1, Brannik Whit Power, HONOP Full Of Hate, Skinhead, VIVAT ROSSIA, Банда Москвы – Русский солдат, Митинг, Последний бой, «УЛЬТИМАТУМ», Прямое действие; аудиоматериалы: Б.И.-14 Коловрат «Правый бритоголовый», Б.И.-14 Банда Москвы «Салютуй моей стране», Б.И.-14 Киборг «Слава России», Б.И.-14 Циклон Б «Это наш век», Б.И.-14 – ДИВ «Злой хер», Б.И.-14 – «Скороспилсия Трепещите», Б.И.-14 – Доберман «За новый рассвет», Б.И.-14 – доберман «Черное пятно», Б.И.-14 – Сленг «Чеченский террор», Б.И.-14 – Склеп «Патриот», Б.И.-14 – Духи цеха «N.D», Коловрат – Россия, Банда Москвы – Арийский Легион, Вандал – Наш Путь, Коловрат – Московский Скинхеды, Позиция – Без _палева-bg, Коловрат – Наша страна, Банда Москвы – Уличный бой, CWT – 15 Суток, Позиция – Dont stop hooligans-bg, Коловрат – Бесстрашный, Белый и Гордый, Коловрат – Девятый Вал, Циклон Б - Ты Skinhead и я",Видеоматериал,Видеоролик,Видеоролик,Публицистика,видео,файл,,УЛЬТИМАТУМ,,,,,,,,,,,не указан,Русский национализм,Расизм,,0.0,,Вилючинский городской суд Камчатского края,2013-10-10 00:00:00,2014-01-24,пятно доберман последний бесстрашный солдат девятый митинг правый прямой слава легион уличный позиция белый цех ультиматум коловрат террор палево склеп вал видеоматериал сутки действие бритоголовый аудиоматериал чеченский патриот новый скинхед циклон рассвет век страна салютовать москва киборг арийский бой русский хер злой дух скороспилсия черный путь гордый московский диво россия банда сленг трепетать вандал,Национальная рознь
"Видеоматериалы: bom 1, Brannik Whit Power, HONOP Full Of Hate, Skinhead, VIVAT ROSSIA, Банда Москвы – Русский солдат, Митинг, Последний бой, «УЛЬТИМАТУМ», Прямое действие; аудиоматериалы: Б.И.-14 Коловрат «Правый бритоголовый», Б.И.-14 Банда Москвы «Салютуй моей стране», Б.И.-14 Киборг «Слава России», Б.И.-14 Циклон Б «Это наш век», Б.И.-14 – ДИВ «Злой хер», Б.И.-14 – «Скороспилсия Трепещите», Б.И.-14 – Доберман «За новый рассвет», Б.И.-14 – доберман «Черное пятно», Б.И.-14 – Сленг «Чеченский террор», Б.И.-14 – Склеп «Патриот», Б.И.-14 – Духи цеха «N.D», Коловрат – Россия, Банда Москвы – Арийский Легион, Вандал – Наш Путь, Коловрат – Московский Скинхеды, Позиция – Без _палева-bg, Коловрат – Наша страна, Банда Москвы – Уличный бой, CWT – 15 Суток, Позиция – Dont stop hooligans-bg, Коловрат – Бесстрашный, Белый и Гордый, Коловрат – Девятый Вал, Циклон Б - Ты Skinhead и я",Видеоматериал,Видеоролик,Видеоролик,Публицистика,видео,файл,Формат-18,Прямое действие,,,,,,,,,,,не указан,Русский национализм,Расизм,,0.0,,Вилючинский городской суд Камчатского края,2013-10-10 00:00:00,2014-01-24,пятно доберман последний бесстрашный солдат девятый митинг правый прямой слава легион уличный позиция белый цех ультиматум коловрат террор палево склеп вал видеоматериал сутки действие бритоголовый аудиоматериал чеченский патриот новый скинхед циклон рассвет век страна салютовать москва киборг арийский бой русский хер злой дух скороспилсия черный путь гордый московский диво россия банда сленг трепетать вандал,Национальная рознь
"Видеоматериалы (видеосюжеты), содержащиеся в файлах «Film.avi.55», «Панехида-min.fiv», «VTS_01_1.VOB», «VTS_01_2.VOB», «VTS_01_3.VOB»",Видеоматериал (видеосюжет),Видеоролик,Видеоролик,Публицистика,видео,файл,,Film.avi.55,0.0,,,DVD,DVD,DVD,,DVD,,,Цифровой носитель,,,,0.0,,Олонецкий районный суд Республики Карелия,2013-08-14 00:00:00,2014-03-24,содержаться панехида видеосюжет файл видеоматериал,Национальная рознь
"Видеоматериалы (видеосюжеты), содержащиеся в файлах «Film.avi.55», «Панехида-min.fiv», «VTS_01_1.VOB», «VTS_01_2.VOB», «VTS_01_3.VOB»",Видеоматериал (видеосюжет),Видеоролик,Видеоролик,Публицистика,видео,файл,,Панехида-min.fiv,,,,DVD,DVD,DVD,,DVD,,,Цифровой носитель,,,,0.0,,Олонецкий районный суд Республики Карелия,2013-08-14 00:00:00,2014-03-24,содержаться панехида видеосюжет файл видеоматериал,Национальная рознь
"Видеоматериалы (видеосюжеты), содержащиеся в файлах «Film.avi.55», «Панехида-min.fiv», «VTS_01_1.VOB», «VTS_01_2.VOB», «VTS_01_3.VOB»",Видеоматериал (видеосюжет),Видеоролик,Видеоролик,Публицистика,видео,файл,,VTS_01_1.VOB,0.0,,,DVD,DVD,DVD,,DVD,,,Цифровой носитель,,,,0.0,,Олонецкий районный суд Республики Карелия,2013-08-14 00:00:00,2014-03-24,содержаться панехида видеосюжет файл видеоматериал,Национальная рознь
"Видеоматериалы (видеосюжеты), содержащиеся в файлах «Film.avi.55», «Панехида-min.fiv», «VTS_01_1.VOB», «VTS_01_2.VOB», «VTS_01_3.VOB»",Видеоматериал (видеосюжет),Видеоролик,Видеоролик,Публицистика,видео,файл,,VTS_01_2.VOB,0.0,,,DVD,DVD,DVD,,DVD,,,Цифровой носитель,,,,0.0,,Олонецкий районный суд Республики Карелия,2013-08-14 00:00:00,2014-03-24,содержаться панехида видеосюжет файл видеоматериал,Национальная рознь
"Видеоматериалы (видеосюжеты), содержащиеся в файлах «Film.avi.55», «Панехида-min.fiv», «VTS_01_1.VOB», «VTS_01_2.VOB», «VTS_01_3.VOB»",Видеоматериал (видеосюжет),Видеоролик,Видеоролик,Публицистика,видео,файл,,VTS_01_3.VOB,0.0,,,DVD,DVD,DVD,,DVD,,,Цифровой носитель,,,,0.0,,Олонецкий районный суд Республики Карелия,2013-08-14 00:00:00,2014-03-24,содержаться панехида видеосюжет файл видеоматериал,Национальная рознь
"Информация, распространяемая посредством сети «Интернет» на странице demotivation.me/2gv7w181aqg0pic.htm1#.UoXucGi3kiF на Интернет-сайте www.demotivation.me",Информация,Постер,Изображение,Агитматериал,изображение,файл,,Постер на Демотиваторе,0.0,,,,,,demotivation.me,,,,Удаленный сервер,???,,,0.0,demotivation.me/2gv7w181aqg0pic.htm1#.UoXucGi3kiF,Пушкинский районный суд Санкт-Петербурга,2014-03-12 00:00:00,2014-08-01,сайт страница интернет распространять информация сеть,Национальная рознь
"Видеоролик «Видео уже в СМИ. Ведется расследование», размещенный на сайте социальной сети информационно-телекоммуникационной сети «Интернет» по электронному адресу: www.youtube.com http://www.youtube.com/watch?v=1BBhYaKA9Qw",Видеоролик,Видеоролик,Видеоролик,Публицистика,видео,файл,,Видео уже в СМИ. Ведется расследование,0.0,,,,,,youtube.com,,,,Удаленный сервер,???,,,0.0,youtube.com/watch?v=1BBhYaKA9Qw,Кировский районный суд Санкт-Петербурга,2014-03-03 00:00:00,2014-08-01,видео вестись видеоролик информационный электронный сайт расследование адрес интернет телекоммуникационный социальный сми сеть размещать,Национальная рознь
"Интернет-сайт, имеющий адрес http://www.fedspisok.org, и содержащиеся на нем информационные материалы",Интернет-сайт и размещенные на нем материалы,Веб-сайт целиком,Веб-сайт,Публицистика,мультимедиа,веб-сайт,,Сайт о Списке МинЮста,0.0,,,,,,fedspisok.org,,,,Удаленный сервер,,,Републикация Списка МинЮста с активными ссылками и материалами,1.0,fedspisok.org,Славгородский городской суд Алтайского края,2014-05-21 00:00:00,2014-08-15,содержаться сайт иметь адрес интернет материал немой информационный,Национальная рознь
"Текст статьи, начинающейся со слов «Русский соратник, давно уже пора понять кто настоящий враг!...» и завершающейся словами «Человек – это оружие, Жизнь – это борьба»",Текст статьи,Статья на веб-сайте,Статья,Публицистика,текст,отдельная веб-страница,,"Русский соратник, давно уже пора понять кто настоящий враг!. <..> Человек – это оружие, Жизнь – это борьба",0.0,,,,,,ne ukaz,,,,Удаленный сервер,???,,,0.0,ne ukaz,Красносельский районный суд Санкт-Петербурга,2014-04-09 00:00:00,2014-10-20,соратник давно понимать человек русский настоящий слово оружие жизнь статья завершаться враг текст борьба начинаться пора,Национальная рознь
Интернет-сайты http://vk.com/id237858229 и http://vk.com/stjal,Интернет-сайт,Страница соц.сети,Аккаунт соц.сети / группа,Публицистика,мультимедиа,веб-сайт,,Аккаунт ВК stjal,0.0,,,,,,vk.com,,,,Удаленный сервер,???,,В Списке 2 адреса 1 страницы,0.0,vk.com/stjal,Кировский районный суд Астрахани,2014-09-23 00:00:00,2014-12-12,сайт интернет,Национальная рознь
"Видеофайл с названием «1» (URL-адрес: http:vk.com/id6641584, социальная сеть «В Контакте»)",Видеофайл,Видеоролик,Видеоролик,Публицистика,видео,файл,,"""1""",0.0,,,,,,vk.com,,,,Удаленный сервер,???,,,0.0,vk.com/id6641584,Саровский городской суд Нижегородской области,2014-08-04 00:00:00,2014-12-12,контакт адрес видеофайл социальный сеть название,Национальная рознь
"Интернет-страница http://vk.com/id184592663 «Serega Niks», находящаяся в сети Интернет по электронному адресу http://vk.com/ (http://vkontakte.ru), с совокупностью размещенных на ней информационных, графических и видео материалов",Интернет-страница,Страница соц.сети,Аккаунт соц.сети / группа,Публицистика,мультимедиа,веб-сайт,,"Аккаунт ВК ""Серега Никс""",0.0,,,Serega Niks,,,vk.com,Serega Niks,,,Удаленный сервер,,,,0.0,vk.com/id184592663,Одинцовский городской суд Московской области,2014-12-22 00:00:00,2015-04-09,совокупность видео находиться электронный информационный графический страница адрес интернет материал сеть размещать,Национальная рознь
"Информация, распространяемая посредством сети «Интернет» на странице http://www.vsesuki.com/?1132 на Интернет-сайте www.vsesuki.com",Информация,Комментарий / Сообщение на сайте,Интерактивный текст на сайте,Глас народа,текст,отдельная веб-страница,,Сообщение на сайте vsesuki.com,0.0,,,,,,vsesuki.com,,,,Удаленный сервер,???,,,0.0,vsesuki.com/?1132,Пушкинский районный суд Санкт-Петербурга,2014-10-01 00:00:00,2015-04-23,сайт страница интернет распространять информация сеть,Национальная рознь
Личная страница пользователя социальной сети «ВКонтакте» - аккаунт «Игорь Петров» с адресом http://www.vk.com/bastilio666 (id218378330),Личная страница пользователя социальной сети,Страница соц.сети,Аккаунт соц.сети / группа,Публицистика,мультимедиа,веб-сайт,,"Аккаунт ВК ""Игорь Петров""",0.0,,,,,,vk.com,,,,Удаленный сервер,???,,,0.0,vk.com/bastilio666,Армавирский городской суд Краснодарского края,2015-02-02 00:00:00,2015-05-21,пользователь страница личный петров адрес аккаунт социальный игорь сеть вконтакте,Национальная рознь
"Материалы, размещенные в социальной сети «ВКонтакте» на Интернет-странице (3 аудиофайла, название которых содержат ненормативную лексику) по адресу: http://vk.com/id222035587",Аудиофайл,Статья в аудиоформате,Статья,Публицистика,аудио,файл,,Нецензурный аудиофайл 1 на странице ВК (3251),0.0,,,,,,vk.com,,,,Удаленный сервер,???,,Нет дела в доступе,0.0,vk.com/id222035587,Бежицкий районный суд Брянска,2015-11-10 00:00:00,2016-01-21,ненормативный страница сеть адрес интернет социальный аудиофайл содержать материал вконтакте размещать лексика название,Национальная рознь
"Материалы, размещенные в социальной сети «ВКонтакте» на Интернет-странице (3 аудиофайла, название которых содержат ненормативную лексику) по адресу: http://vk.com/id222035587",Аудиофайл,Статья в аудиоформате,Статья,Публицистика,аудио,файл,,Нецензурный аудиофайл 2 на странице ВК (3251),0.0,,,,,,vk.com,,,,Удаленный сервер,???,,Нет дела в доступе,0.0,vk.com/id222035587,Бежицкий районный суд Брянска,2015-11-10 00:00:00,2016-01-21,ненормативный страница сеть адрес интернет социальный аудиофайл содержать материал вконтакте размещать лексика название,Национальная рознь
"Материалы, размещенные в социальной сети «ВКонтакте» на Интернет-странице (3 аудиофайла, название которых содержат ненормативную лексику) по адресу: http://vk.com/id222035587",Аудиофайл,Статья в аудиоформате,Статья,Публицистика,аудио,файл,,Нецензурный аудиофайл 3 на странице ВК (3251),0.0,,,,,,vk.com,,,,Удаленный сервер,???,,Нет дела в доступе,0.0,vk.com/id222035587,Бежицкий районный суд Брянска,2015-11-10 00:00:00,2016-01-21,ненормативный страница сеть адрес интернет социальный аудиофайл содержать материал вконтакте размещать лексика название,Национальная рознь
"Аудиоматериал, размещенный в информационно-телекоммуникационной сети «Интернет» «коктель молотова (испытания)», длительностью 1 минута 20 секунд",Аудиоматериал,Статья в аудиоформате,Аудиокнига,Невозможно понять,аудио,файл,,Коктейль молотова (испытания),0.0,(01:20),,,,,ne ukaz,,,,Удаленный сервер,???,,Нет дела в доступе,0.0,ne ukaz,Автозаводский районный суд Нижнего Новгорода,2015-10-27 00:00:00,2016-02-25,коктель аудиоматериал секунда минута сеть молотов длительность интернет телекоммуникационный испытание информационный размещать,Национальная рознь
"Информационные материалы 10 июля 2015 года в 17:50:30 неустановленным лицом, на сайте социальной сети «Вконтакте», странице под именем «Ано Ним» по электронному адресу www.vk.com/id235719485",Информационный материал,Страница соц.сети,Аккаунт соц.сети / группа,Публицистика,мультимедиа,веб-сайт,,"Аккаунт ВК ""Ано Ним""",0.0,,,"Страница ВК ""Ано Ним""",,,vk.com,"Страница ВК ""Ано Ним""",,2015,Удаленный сервер,???,,,0.0,vk.com/id235719485,Северодвинский городской суд Архангельской области,2015-11-09 00:00:00,2016-03-23,лицо имя электронный ано сайт страница сеть материал адрес социальный неустановленный информационный вконтакте год июль,Национальная рознь
"Информационный материал, размещенный на Интернет – сайте http://vk.com/video221512614_167303489",Информационный материал,Видеоролик,Видеоролик,Публицистика,видео,файл,,Неидентифицированный ролик в ВК,0.0,,,,,,vk.com,,,,Удаленный сервер,???,,,0.0,vk.com/video221512614_167303489,Хорошевский районный суд Москвы,2015-11-30 00:00:00,2016-04-11,сайт материал интернет информационный размещать,Национальная рознь
"Информация, размещенная на Интернет - странице http://ok.ru/profile/376483713587 сайта «Одноклассники»",Информация на Интернет-странице,Страница соц.сети,Веб-сайт,Публицистика,мультимедиа,веб-сайт,,Страница в ОК - ok.ru/profile/376483713587,,,,,,,ok.ru,,,,Удаленный сервер,???,,,0.0,ok.ru/profile/376483713587,Магасский районный суд Республики Ингушетия,2016-03-31 00:00:00,2016-07-04,одноклассник сайт страница интернет информация размещать,Национальная рознь
"Информационный материал: «Твой выбор», размещенный в социальной сети «ВКонтакте» по адресу: vk.com/wall-70221596?offset=140, а также по адресу: mybiblioteka.su",Информационный материал,Стихотворение,Литературное произведение,Художественный текст,текст,отдельная веб-страница,,Твой выбор,,,,,,,vk.com,,,,Удаленный сервер,???,,"Данные изъяты, кого призывает уничтожать текст, понять нельзя",0.0,vk.com/wall-70221596?offset=140,Октябрьский районный суд Мурманска,2016-04-22 00:00:00,2016-07-28,сеть выбор материал адрес социальный информационный вконтакте размещать,Национальная рознь
"Информационный материал: «Твой выбор», размещенный в социальной сети «ВКонтакте» по адресу: vk.com/wall-70221596?offset=140, а также по адресу: mybiblioteka.su",Информационный материал,Стихотворение,Литературное произведение,Художественный текст,текст,отдельная веб-страница,,Твой выбор,,,,,,,mybiblioteka.su,,,,Удаленный сервер,???,,"Данные изъяты, кого призывает уничтожать текст, понять нельзя",0.0,mybiblioteka.su,Октябрьский районный суд Мурманска,2016-04-22 00:00:00,2016-07-28,сеть выбор материал адрес социальный информационный вконтакте размещать,Национальная рознь
"Видеофайл «Застрахуй братуху», размещенный в сети Интернет на странице в социальной сети «Вконтакте» по адресу: http://vk.com/id30535773",Видеофайл,Видеоролик,Видеоролик,Публицистика,видео,файл,,Застрахуй братуху,0.0,,,,,,vk.com,,,,Удаленный сервер,???,,,0.0,vk.com/id30535773,Мегионский городской суд Ханты-Мансийского АО,2015-03-13 00:00:00,2018-10-30,братуха страница видеофайл интернет адрес социальный застраховывать сеть вконтакте размещать,Национальная рознь
"Печатный материал, оформленный в виде брошюры под названием «Последняя битва»",Брошюра,Брошюра,Непериодическое издание,Публицистика,текст,непериодическое издание,,Последняя битва,,,,,,,,,,,Бумага,???,,,0.0,,Тагилстроевский районный суд Нижнего Тагила Свердловской области,2014-04-23 00:00:00,2018-12-05,оформлять печатный последний битва вид брошюра материал название,Национальная рознь
"Аудио и видеоматериалы, размещенные на персональной странице «Димас Волошин в социальной сети «В контакте», а именно: видеофайл «0abc3bll50cc-136345083.vk.flv», видеофайл «0ba556dbel.flv», аудиофайл «3bdca2a5ae72.mp3», видеофайл «3d5976833e03-81899545.vk.flv», видеофайл «7abd2853fl.flv», видеофайл «8ce707c41534-66234873.vk.flv», видеофайл «9ba749cb04.240.mp4», видеофайл «13e3130ed5.240.mp4», видеофайл «21db5217fbf9-1114205095.vk.flv», видеофайл «23edb54be47e-134611442.vk.flv», аудиофайл «35ac8512a9aa.mp3», аудиофайл «235dc10525c3.mp3», видеофайл «823fd39314.240.mp4», видеофайл «01526a0a5af2-107280514.vk.flv», видеофайл «b785896f56d8-118227305.vk.flv», видеофайл «c7095125dl93-242724.vk,flv», аудиофайл «cb9eaa71184a.mp3», видеофайл «dlf30f3e9b.240.mp4», видеофайл «d61e4c32a775-74051905.vk.flv», видеофайл «e82e51a84e.360.mp4», видеофайл «f4c06dc627.480.mp4»",Видеофайл,Видеоролик,Видеоролик,Публицистика,видео,файл,,"видеофайл ""0abc3bll50cc-136345083. vk. flv""",0.0,,,Волошин Д.,,,vk.com,Волошин Д.,,,Удаленный сервер,???,,,0.0,vk.com,Заречный районный суд Свердловской области,2014-03-06 00:00:00,2018-12-05,страница персональный контакт видеофайл димас социальный аудиофайл сеть волошин аудио видеоматериал размещать,Национальная рознь
"Аудио и видеоматериалы, размещенные на персональной странице «Димас Волошин в социальной сети «В контакте», а именно: видеофайл «0abc3bll50cc-136345083.vk.flv», видеофайл «0ba556dbel.flv», аудиофайл «3bdca2a5ae72.mp3», видеофайл «3d5976833e03-81899545.vk.flv», видеофайл «7abd2853fl.flv», видеофайл «8ce707c41534-66234873.vk.flv», видеофайл «9ba749cb04.240.mp4», видеофайл «13e3130ed5.240.mp4», видеофайл «21db5217fbf9-1114205095.vk.flv», видеофайл «23edb54be47e-134611442.vk.flv», аудиофайл «35ac8512a9aa.mp3», аудиофайл «235dc10525c3.mp3», видеофайл «823fd39314.240.mp4», видеофайл «01526a0a5af2-107280514.vk.flv», видеофайл «b785896f56d8-118227305.vk.flv», видеофайл «c7095125dl93-242724.vk,flv», аудиофайл «cb9eaa71184a.mp3», видеофайл «dlf30f3e9b.240.mp4», видеофайл «d61e4c32a775-74051905.vk.flv», видеофайл «e82e51a84e.360.mp4», видеофайл «f4c06dc627.480.mp4»",Видеофайл,Видеоролик,Видеоролик,Публицистика,видео,файл,,"видеофайл ""0ba556dbel. flv"" ",0.0,,,Волошин Д.,,,vk.com,Волошин Д.,,,Удаленный сервер,???,,,0.0,vk.com,Заречный районный суд Свердловской области,2014-03-06 00:00:00,2018-12-05,страница персональный контакт видеофайл димас социальный аудиофайл сеть волошин аудио видеоматериал размещать,Национальная рознь
"Аудио и видеоматериалы, размещенные на персональной странице «Димас Волошин в социальной сети «В контакте», а именно: видеофайл «0abc3bll50cc-136345083.vk.flv», видеофайл «0ba556dbel.flv», аудиофайл «3bdca2a5ae72.mp3», видеофайл «3d5976833e03-81899545.vk.flv», видеофайл «7abd2853fl.flv», видеофайл «8ce707c41534-66234873.vk.flv», видеофайл «9ba749cb04.240.mp4», видеофайл «13e3130ed5.240.mp4», видеофайл «21db5217fbf9-1114205095.vk.flv», видеофайл «23edb54be47e-134611442.vk.flv», аудиофайл «35ac8512a9aa.mp3», аудиофайл «235dc10525c3.mp3», видеофайл «823fd39314.240.mp4», видеофайл «01526a0a5af2-107280514.vk.flv», видеофайл «b785896f56d8-118227305.vk.flv», видеофайл «c7095125dl93-242724.vk,flv», аудиофайл «cb9eaa71184a.mp3», видеофайл «dlf30f3e9b.240.mp4», видеофайл «d61e4c32a775-74051905.vk.flv», видеофайл «e82e51a84e.360.mp4», видеофайл «f4c06dc627.480.mp4»",Аудиофайл,Музыкальная композиция,Текст песни,Художественный текст,аудио,файл,not identified,"аудиофайл ""3bdca2a5ae72. mp3"", ",0.0,,,Волошин Д.,,,vk.com,Волошин Д.,,,Удаленный сервер,???,,,0.0,vk.com,Заречный районный суд Свердловской области,2014-03-06 00:00:00,2018-12-05,страница персональный контакт видеофайл димас социальный аудиофайл сеть волошин аудио видеоматериал размещать,Национальная рознь
"Аудио и видеоматериалы, размещенные на персональной странице «Димас Волошин в социальной сети «В контакте», а именно: видеофайл «0abc3bll50cc-136345083.vk.flv», видеофайл «0ba556dbel.flv», аудиофайл «3bdca2a5ae72.mp3», видеофайл «3d5976833e03-81899545.vk.flv», видеофайл «7abd2853fl.flv», видеофайл «8ce707c41534-66234873.vk.flv», видеофайл «9ba749cb04.240.mp4», видеофайл «13e3130ed5.240.mp4», видеофайл «21db5217fbf9-1114205095.vk.flv», видеофайл «23edb54be47e-134611442.vk.flv», аудиофайл «35ac8512a9aa.mp3», аудиофайл «235dc10525c3.mp3», видеофайл «823fd39314.240.mp4», видеофайл «01526a0a5af2-107280514.vk.flv», видеофайл «b785896f56d8-118227305.vk.flv», видеофайл «c7095125dl93-242724.vk,flv», аудиофайл «cb9eaa71184a.mp3», видеофайл «dlf30f3e9b.240.mp4», видеофайл «d61e4c32a775-74051905.vk.flv», видеофайл «e82e51a84e.360.mp4», видеофайл «f4c06dc627.480.mp4»",Видеофайл,Видеоролик,Видеоролик,Публицистика,видео,файл,,"видеофайл ""3d5976833e03-81899545. vk. flv"" ",0.0,,,Волошин Д.,,,vk.com,Волошин Д.,,,Удаленный сервер,???,,,0.0,vk.com,Заречный районный суд Свердловской области,2014-03-06 00:00:00,2018-12-05,страница персональный контакт видеофайл димас социальный аудиофайл сеть волошин аудио видеоматериал размещать,Национальная рознь
"Аудио и видеоматериалы, размещенные на персональной странице «Димас Волошин в социальной сети «В контакте», а именно: видеофайл «0abc3bll50cc-136345083.vk.flv», видеофайл «0ba556dbel.flv», аудиофайл «3bdca2a5ae72.mp3», видеофайл «3d5976833e03-81899545.vk.flv», видеофайл «7abd2853fl.flv», видеофайл «8ce707c41534-66234873.vk.flv», видеофайл «9ba749cb04.240.mp4», видеофайл «13e3130ed5.240.mp4», видеофайл «21db5217fbf9-1114205095.vk.flv», видеофайл «23edb54be47e-134611442.vk.flv», аудиофайл «35ac8512a9aa.mp3», аудиофайл «235dc10525c3.mp3», видеофайл «823fd39314.240.mp4», видеофайл «01526a0a5af2-107280514.vk.flv», видеофайл «b785896f56d8-118227305.vk.flv», видеофайл «c7095125dl93-242724.vk,flv», аудиофайл «cb9eaa71184a.mp3», видеофайл «dlf30f3e9b.240.mp4», видеофайл «d61e4c32a775-74051905.vk.flv», видеофайл «e82e51a84e.360.mp4», видеофайл «f4c06dc627.480.mp4»",Видеофайл,Видеоролик,Видеоролик,Публицистика,видео,файл,,"видеофайл ""7abd2853fl. flv"" ",0.0,,,Волошин Д.,,,vk.com,Волошин Д.,,,Удаленный сервер,???,,,0.0,vk.com,Заречный районный суд Свердловской области,2014-03-06 00:00:00,2018-12-05,страница персональный контакт видеофайл димас социальный аудиофайл сеть волошин аудио видеоматериал размещать,Национальная рознь
"Аудио и видеоматериалы, размещенные на персональной странице «Димас Волошин в социальной сети «В контакте», а именно: видеофайл «0abc3bll50cc-136345083.vk.flv», видеофайл «0ba556dbel.flv», аудиофайл «3bdca2a5ae72.mp3», видеофайл «3d5976833e03-81899545.vk.flv», видеофайл «7abd2853fl.flv», видеофайл «8ce707c41534-66234873.vk.flv», видеофайл «9ba749cb04.240.mp4», видеофайл «13e3130ed5.240.mp4», видеофайл «21db5217fbf9-1114205095.vk.flv», видеофайл «23edb54be47e-134611442.vk.flv», аудиофайл «35ac8512a9aa.mp3», аудиофайл «235dc10525c3.mp3», видеофайл «823fd39314.240.mp4», видеофайл «01526a0a5af2-107280514.vk.flv», видеофайл «b785896f56d8-118227305.vk.flv», видеофайл «c7095125dl93-242724.vk,flv», аудиофайл «cb9eaa71184a.mp3», видеофайл «dlf30f3e9b.240.mp4», видеофайл «d61e4c32a775-74051905.vk.flv», видеофайл «e82e51a84e.360.mp4», видеофайл «f4c06dc627.480.mp4»",Видеофайл,Видеоролик,Видеоролик,Публицистика,видео,файл,,"видеофайл ""8ce707c41534-66234873. vk. flv"" ",0.0,,,Волошин Д.,,,vk.com,Волошин Д.,,,Удаленный сервер,???,,,0.0,vk.com,Заречный районный суд Свердловской области,2014-03-06 00:00:00,2018-12-05,страница персональный контакт видеофайл димас социальный аудиофайл сеть волошин аудио видеоматериал размещать,Национальная рознь
"Аудио и видеоматериалы, размещенные на персональной странице «Димас Волошин в социальной сети «В контакте», а именно: видеофайл «0abc3bll50cc-136345083.vk.flv», видеофайл «0ba556dbel.flv», аудиофайл «3bdca2a5ae72.mp3», видеофайл «3d5976833e03-81899545.vk.flv», видеофайл «7abd2853fl.flv», видеофайл «8ce707c41534-66234873.vk.flv», видеофайл «9ba749cb04.240.mp4», видеофайл «13e3130ed5.240.mp4», видеофайл «21db5217fbf9-1114205095.vk.flv», видеофайл «23edb54be47e-134611442.vk.flv», аудиофайл «35ac8512a9aa.mp3», аудиофайл «235dc10525c3.mp3», видеофайл «823fd39314.240.mp4», видеофайл «01526a0a5af2-107280514.vk.flv», видеофайл «b785896f56d8-118227305.vk.flv», видеофайл «c7095125dl93-242724.vk,flv», аудиофайл «cb9eaa71184a.mp3», видеофайл «dlf30f3e9b.240.mp4», видеофайл «d61e4c32a775-74051905.vk.flv», видеофайл «e82e51a84e.360.mp4», видеофайл «f4c06dc627.480.mp4»",Видеофайл,Видеоролик,Видеоролик,Публицистика,видео,файл,,"видеофайл ""9ba749cb04. 240. mp4"" ",0.0,,,Волошин Д.,,,vk.com,Волошин Д.,,,Удаленный сервер,???,,,0.0,vk.com,Заречный районный суд Свердловской области,2014-03-06 00:00:00,2018-12-05,страница персональный контакт видеофайл димас социальный аудиофайл сеть волошин аудио видеоматериал размещать,Национальная рознь
"Аудио и видеоматериалы, размещенные на персональной странице «Димас Волошин в социальной сети «В контакте», а именно: видеофайл «0abc3bll50cc-136345083.vk.flv», видеофайл «0ba556dbel.flv», аудиофайл «3bdca2a5ae72.mp3», видеофайл «3d5976833e03-81899545.vk.flv», видеофайл «7abd2853fl.flv», видеофайл «8ce707c41534-66234873.vk.flv», видеофайл «9ba749cb04.240.mp4», видеофайл «13e3130ed5.240.mp4», видеофайл «21db5217fbf9-1114205095.vk.flv», видеофайл «23edb54be47e-134611442.vk.flv», аудиофайл «35ac8512a9aa.mp3», аудиофайл «235dc10525c3.mp3», видеофайл «823fd39314.240.mp4», видеофайл «01526a0a5af2-107280514.vk.flv», видеофайл «b785896f56d8-118227305.vk.flv», видеофайл «c7095125dl93-242724.vk,flv», аудиофайл «cb9eaa71184a.mp3», видеофайл «dlf30f3e9b.240.mp4», видеофайл «d61e4c32a775-74051905.vk.flv», видеофайл «e82e51a84e.360.mp4», видеофайл «f4c06dc627.480.mp4»",Видеофайл,Видеоролик,Видеоролик,Публицистика,видео,файл,,"видеофайл ""13e3130ed5. 240. mp4"" ",0.0,,,Волошин Д.,,,vk.com,Волошин Д.,,,Удаленный сервер,???,,,0.0,vk.com,Заречный районный суд Свердловской области,2014-03-06 00:00:00,2018-12-05,страница персональный контакт видеофайл димас социальный аудиофайл сеть волошин аудио видеоматериал размещать,Национальная рознь
"Аудио и видеоматериалы, размещенные на персональной странице «Димас Волошин в социальной сети «В контакте», а именно: видеофайл «0abc3bll50cc-136345083.vk.flv», видеофайл «0ba556dbel.flv», аудиофайл «3bdca2a5ae72.mp3», видеофайл «3d5976833e03-81899545.vk.flv», видеофайл «7abd2853fl.flv», видеофайл «8ce707c41534-66234873.vk.flv», видеофайл «9ba749cb04.240.mp4», видеофайл «13e3130ed5.240.mp4», видеофайл «21db5217fbf9-1114205095.vk.flv», видеофайл «23edb54be47e-134611442.vk.flv», аудиофайл «35ac8512a9aa.mp3», аудиофайл «235dc10525c3.mp3», видеофайл «823fd39314.240.mp4», видеофайл «01526a0a5af2-107280514.vk.flv», видеофайл «b785896f56d8-118227305.vk.flv», видеофайл «c7095125dl93-242724.vk,flv», аудиофайл «cb9eaa71184a.mp3», видеофайл «dlf30f3e9b.240.mp4», видеофайл «d61e4c32a775-74051905.vk.flv», видеофайл «e82e51a84e.360.mp4», видеофайл «f4c06dc627.480.mp4»",Видеофайл,Видеоролик,Видеоролик,Публицистика,видео,файл,,"видеофайл ""21db5217fbf9-1114205095. vk. flv"" ",0.0,,,Волошин Д.,,,vk.com,Волошин Д.,,,Удаленный сервер,???,,,0.0,vk.com,Заречный районный суд Свердловской области,2014-03-06 00:00:00,2018-12-05,страница персональный контакт видеофайл димас социальный аудиофайл сеть волошин аудио видеоматериал размещать,Национальная рознь
"Аудио и видеоматериалы, размещенные на персональной странице «Димас Волошин в социальной сети «В контакте», а именно: видеофайл «0abc3bll50cc-136345083.vk.flv», видеофайл «0ba556dbel.flv», аудиофайл «3bdca2a5ae72.mp3», видеофайл «3d5976833e03-81899545.vk.flv», видеофайл «7abd2853fl.flv», видеофайл «8ce707c41534-66234873.vk.flv», видеофайл «9ba749cb04.240.mp4», видеофайл «13e3130ed5.240.mp4», видеофайл «21db5217fbf9-1114205095.vk.flv», видеофайл «23edb54be47e-134611442.vk.flv», аудиофайл «35ac8512a9aa.mp3», аудиофайл «235dc10525c3.mp3», видеофайл «823fd39314.240.mp4», видеофайл «01526a0a5af2-107280514.vk.flv», видеофайл «b785896f56d8-118227305.vk.flv», видеофайл «c7095125dl93-242724.vk,flv», аудиофайл «cb9eaa71184a.mp3», видеофайл «dlf30f3e9b.240.mp4», видеофайл «d61e4c32a775-74051905.vk.flv», видеофайл «e82e51a84e.360.mp4», видеофайл «f4c06dc627.480.mp4»",Видеофайл,Видеоролик,Видеоролик,Публицистика,видео,файл,,"видеофайл ""23edb54be47e-134611442. vk. flv"" ",0.0,,,Волошин Д.,,,vk.com,Волошин Д.,,,Удаленный сервер,???,,,0.0,vk.com,Заречный районный суд Свердловской области,2014-03-06 00:00:00,2018-12-05,страница персональный контакт видеофайл димас социальный аудиофайл сеть волошин аудио видеоматериал размещать,Национальная рознь
"Аудио и видеоматериалы, размещенные на персональной странице «Димас Волошин в социальной сети «В контакте», а именно: видеофайл «0abc3bll50cc-136345083.vk.flv», видеофайл «0ba556dbel.flv», аудиофайл «3bdca2a5ae72.mp3», видеофайл «3d5976833e03-81899545.vk.flv», видеофайл «7abd2853fl.flv», видеофайл «8ce707c41534-66234873.vk.flv», видеофайл «9ba749cb04.240.mp4», видеофайл «13e3130ed5.240.mp4», видеофайл «21db5217fbf9-1114205095.vk.flv», видеофайл «23edb54be47e-134611442.vk.flv», аудиофайл «35ac8512a9aa.mp3», аудиофайл «235dc10525c3.mp3», видеофайл «823fd39314.240.mp4», видеофайл «01526a0a5af2-107280514.vk.flv», видеофайл «b785896f56d8-118227305.vk.flv», видеофайл «c7095125dl93-242724.vk,flv», аудиофайл «cb9eaa71184a.mp3», видеофайл «dlf30f3e9b.240.mp4», видеофайл «d61e4c32a775-74051905.vk.flv», видеофайл «e82e51a84e.360.mp4», видеофайл «f4c06dc627.480.mp4»",Аудиофайл,Музыкальная композиция,Текст песни,Художественный текст,аудио,файл,not identified,"аудиофайл ""35ac8512a9aa. mp3"", ",0.0,,,Волошин Д.,,,vk.com,Волошин Д.,,,Удаленный сервер,???,,,0.0,vk.com,Заречный районный суд Свердловской области,2014-03-06 00:00:00,2018-12-05,страница персональный контакт видеофайл димас социальный аудиофайл сеть волошин аудио видеоматериал размещать,Национальная рознь
"Аудио и видеоматериалы, размещенные на персональной странице «Димас Волошин в социальной сети «В контакте», а именно: видеофайл «0abc3bll50cc-136345083.vk.flv», видеофайл «0ba556dbel.flv», аудиофайл «3bdca2a5ae72.mp3», видеофайл «3d5976833e03-81899545.vk.flv», видеофайл «7abd2853fl.flv», видеофайл «8ce707c41534-66234873.vk.flv», видеофайл «9ba749cb04.240.mp4», видеофайл «13e3130ed5.240.mp4», видеофайл «21db5217fbf9-1114205095.vk.flv», видеофайл «23edb54be47e-134611442.vk.flv», аудиофайл «35ac8512a9aa.mp3», аудиофайл «235dc10525c3.mp3», видеофайл «823fd39314.240.mp4», видеофайл «01526a0a5af2-107280514.vk.flv», видеофайл «b785896f56d8-118227305.vk.flv», видеофайл «c7095125dl93-242724.vk,flv», аудиофайл «cb9eaa71184a.mp3», видеофайл «dlf30f3e9b.240.mp4», видеофайл «d61e4c32a775-74051905.vk.flv», видеофайл «e82e51a84e.360.mp4», видеофайл «f4c06dc627.480.mp4»",Аудиофайл,Музыкальная композиция,Текст песни,Художественный текст,аудио,файл,not identified,"аудиофайл ""235dc10525c3. mp3"", ",0.0,,,Волошин Д.,,,vk.com,Волошин Д.,,,Удаленный сервер,???,,,0.0,vk.com,Заречный районный суд Свердловской области,2014-03-06 00:00:00,2018-12-05,страница персональный контакт видеофайл димас социальный аудиофайл сеть волошин аудио видеоматериал размещать,Национальная рознь
"Аудио и видеоматериалы, размещенные на персональной странице «Димас Волошин в социальной сети «В контакте», а именно: видеофайл «0abc3bll50cc-136345083.vk.flv», видеофайл «0ba556dbel.flv», аудиофайл «3bdca2a5ae72.mp3», видеофайл «3d5976833e03-81899545.vk.flv», видеофайл «7abd2853fl.flv», видеофайл «8ce707c41534-66234873.vk.flv», видеофайл «9ba749cb04.240.mp4», видеофайл «13e3130ed5.240.mp4», видеофайл «21db5217fbf9-1114205095.vk.flv», видеофайл «23edb54be47e-134611442.vk.flv», аудиофайл «35ac8512a9aa.mp3», аудиофайл «235dc10525c3.mp3», видеофайл «823fd39314.240.mp4», видеофайл «01526a0a5af2-107280514.vk.flv», видеофайл «b785896f56d8-118227305.vk.flv», видеофайл «c7095125dl93-242724.vk,flv», аудиофайл «cb9eaa71184a.mp3», видеофайл «dlf30f3e9b.240.mp4», видеофайл «d61e4c32a775-74051905.vk.flv», видеофайл «e82e51a84e.360.mp4», видеофайл «f4c06dc627.480.mp4»",Видеофайл,Видеоролик,Видеоролик,Публицистика,видео,файл,,"видеофайл ""823fd39314. 240. mp4"" ",0.0,,,Волошин Д.,,,vk.com,Волошин Д.,,,Удаленный сервер,???,,,0.0,vk.com,Заречный районный суд Свердловской области,2014-03-06 00:00:00,2018-12-05,страница персональный контакт видеофайл димас социальный аудиофайл сеть волошин аудио видеоматериал размещать,Национальная рознь
"Аудио и видеоматериалы, размещенные на персональной странице «Димас Волошин в социальной сети «В контакте», а именно: видеофайл «0abc3bll50cc-136345083.vk.flv», видеофайл «0ba556dbel.flv», аудиофайл «3bdca2a5ae72.mp3», видеофайл «3d5976833e03-81899545.vk.flv», видеофайл «7abd2853fl.flv», видеофайл «8ce707c41534-66234873.vk.flv», видеофайл «9ba749cb04.240.mp4», видеофайл «13e3130ed5.240.mp4», видеофайл «21db5217fbf9-1114205095.vk.flv», видеофайл «23edb54be47e-134611442.vk.flv», аудиофайл «35ac8512a9aa.mp3», аудиофайл «235dc10525c3.mp3», видеофайл «823fd39314.240.mp4», видеофайл «01526a0a5af2-107280514.vk.flv», видеофайл «b785896f56d8-118227305.vk.flv», видеофайл «c7095125dl93-242724.vk,flv», аудиофайл «cb9eaa71184a.mp3», видеофайл «dlf30f3e9b.240.mp4», видеофайл «d61e4c32a775-74051905.vk.flv», видеофайл «e82e51a84e.360.mp4», видеофайл «f4c06dc627.480.mp4»",Видеофайл,Видеоролик,Видеоролик,Публицистика,видео,файл,,"видеофайл ""01526a0a5af2-107280514. vk. flv"" ",0.0,,,Волошин Д.,,,vk.com,Волошин Д.,,,Удаленный сервер,???,,,0.0,vk.com,Заречный районный суд Свердловской области,2014-03-06 00:00:00,2018-12-05,страница персональный контакт видеофайл димас социальный аудиофайл сеть волошин аудио видеоматериал размещать,Национальная рознь
"Аудио и видеоматериалы, размещенные на персональной странице «Димас Волошин в социальной сети «В контакте», а именно: видеофайл «0abc3bll50cc-136345083.vk.flv», видеофайл «0ba556dbel.flv», аудиофайл «3bdca2a5ae72.mp3», видеофайл «3d5976833e03-81899545.vk.flv», видеофайл «7abd2853fl.flv», видеофайл «8ce707c41534-66234873.vk.flv», видеофайл «9ba749cb04.240.mp4», видеофайл «13e3130ed5.240.mp4», видеофайл «21db5217fbf9-1114205095.vk.flv», видеофайл «23edb54be47e-134611442.vk.flv», аудиофайл «35ac8512a9aa.mp3», аудиофайл «235dc10525c3.mp3», видеофайл «823fd39314.240.mp4», видеофайл «01526a0a5af2-107280514.vk.flv», видеофайл «b785896f56d8-118227305.vk.flv», видеофайл «c7095125dl93-242724.vk,flv», аудиофайл «cb9eaa71184a.mp3», видеофайл «dlf30f3e9b.240.mp4», видеофайл «d61e4c32a775-74051905.vk.flv», видеофайл «e82e51a84e.360.mp4», видеофайл «f4c06dc627.480.mp4»",Видеофайл,Видеоролик,Видеоролик,Публицистика,видео,файл,,"видеофайл ""b785896f56d8-118227305. vk. flv"" ",0.0,,,Волошин Д.,,,vk.com,Волошин Д.,,,Удаленный сервер,???,,,0.0,vk.com,Заречный районный суд Свердловской области,2014-03-06 00:00:00,2018-12-05,страница персональный контакт видеофайл димас социальный аудиофайл сеть волошин аудио видеоматериал размещать,Национальная рознь
"Аудио и видеоматериалы, размещенные на персональной странице «Димас Волошин в социальной сети «В контакте», а именно: видеофайл «0abc3bll50cc-136345083.vk.flv», видеофайл «0ba556dbel.flv», аудиофайл «3bdca2a5ae72.mp3», видеофайл «3d5976833e03-81899545.vk.flv», видеофайл «7abd2853fl.flv», видеофайл «8ce707c41534-66234873.vk.flv», видеофайл «9ba749cb04.240.mp4», видеофайл «13e3130ed5.240.mp4», видеофайл «21db5217fbf9-1114205095.vk.flv», видеофайл «23edb54be47e-134611442.vk.flv», аудиофайл «35ac8512a9aa.mp3», аудиофайл «235dc10525c3.mp3», видеофайл «823fd39314.240.mp4», видеофайл «01526a0a5af2-107280514.vk.flv», видеофайл «b785896f56d8-118227305.vk.flv», видеофайл «c7095125dl93-242724.vk,flv», аудиофайл «cb9eaa71184a.mp3», видеофайл «dlf30f3e9b.240.mp4», видеофайл «d61e4c32a775-74051905.vk.flv», видеофайл «e82e51a84e.360.mp4», видеофайл «f4c06dc627.480.mp4»",Видеофайл,Видеоролик,Видеоролик,Публицистика,видео,файл,,"видеофайл ""c7095125dl93-242724. vkflv"" ",0.0,,,Волошин Д.,,,vk.com,Волошин Д.,,,Удаленный сервер,???,,,0.0,vk.com,Заречный районный суд Свердловской области,2014-03-06 00:00:00,2018-12-05,страница персональный контакт видеофайл димас социальный аудиофайл сеть волошин аудио видеоматериал размещать,Национальная рознь
"Аудио и видеоматериалы, размещенные на персональной странице «Димас Волошин в социальной сети «В контакте», а именно: видеофайл «0abc3bll50cc-136345083.vk.flv», видеофайл «0ba556dbel.flv», аудиофайл «3bdca2a5ae72.mp3», видеофайл «3d5976833e03-81899545.vk.flv», видеофайл «7abd2853fl.flv», видеофайл «8ce707c41534-66234873.vk.flv», видеофайл «9ba749cb04.240.mp4», видеофайл «13e3130ed5.240.mp4», видеофайл «21db5217fbf9-1114205095.vk.flv», видеофайл «23edb54be47e-134611442.vk.flv», аудиофайл «35ac8512a9aa.mp3», аудиофайл «235dc10525c3.mp3», видеофайл «823fd39314.240.mp4», видеофайл «01526a0a5af2-107280514.vk.flv», видеофайл «b785896f56d8-118227305.vk.flv», видеофайл «c7095125dl93-242724.vk,flv», аудиофайл «cb9eaa71184a.mp3», видеофайл «dlf30f3e9b.240.mp4», видеофайл «d61e4c32a775-74051905.vk.flv», видеофайл «e82e51a84e.360.mp4», видеофайл «f4c06dc627.480.mp4»",Аудиофайл,Музыкальная композиция,Текст песни,Художественный текст,аудио,файл,not identified,"аудиофайл ""cb9eaa71184a. mp3"", ",0.0,,,Волошин Д.,,,vk.com,Волошин Д.,,,Удаленный сервер,???,,,0.0,vk.com,Заречный районный суд Свердловской области,2014-03-06 00:00:00,2018-12-05,страница персональный контакт видеофайл димас социальный аудиофайл сеть волошин аудио видеоматериал размещать,Национальная рознь
"Аудио и видеоматериалы, размещенные на персональной странице «Димас Волошин в социальной сети «В контакте», а именно: видеофайл «0abc3bll50cc-136345083.vk.flv», видеофайл «0ba556dbel.flv», аудиофайл «3bdca2a5ae72.mp3», видеофайл «3d5976833e03-81899545.vk.flv», видеофайл «7abd2853fl.flv», видеофайл «8ce707c41534-66234873.vk.flv», видеофайл «9ba749cb04.240.mp4», видеофайл «13e3130ed5.240.mp4», видеофайл «21db5217fbf9-1114205095.vk.flv», видеофайл «23edb54be47e-134611442.vk.flv», аудиофайл «35ac8512a9aa.mp3», аудиофайл «235dc10525c3.mp3», видеофайл «823fd39314.240.mp4», видеофайл «01526a0a5af2-107280514.vk.flv», видеофайл «b785896f56d8-118227305.vk.flv», видеофайл «c7095125dl93-242724.vk,flv», аудиофайл «cb9eaa71184a.mp3», видеофайл «dlf30f3e9b.240.mp4», видеофайл «d61e4c32a775-74051905.vk.flv», видеофайл «e82e51a84e.360.mp4», видеофайл «f4c06dc627.480.mp4»",Видеофайл,Видеоролик,Видеоролик,Публицистика,видео,файл,,"видеофайл ""dlf30f3e9b. 240. mp4"" ",0.0,,,Волошин Д.,,,vk.com,Волошин Д.,,,Удаленный сервер,???,,,0.0,vk.com,Заречный районный суд Свердловской области,2014-03-06 00:00:00,2018-12-05,страница персональный контакт видеофайл димас социальный аудиофайл сеть волошин аудио видеоматериал размещать,Национальная рознь
"Аудио и видеоматериалы, размещенные на персональной странице «Димас Волошин в социальной сети «В контакте», а именно: видеофайл «0abc3bll50cc-136345083.vk.flv», видеофайл «0ba556dbel.flv», аудиофайл «3bdca2a5ae72.mp3», видеофайл «3d5976833e03-81899545.vk.flv», видеофайл «7abd2853fl.flv», видеофайл «8ce707c41534-66234873.vk.flv», видеофайл «9ba749cb04.240.mp4», видеофайл «13e3130ed5.240.mp4», видеофайл «21db5217fbf9-1114205095.vk.flv», видеофайл «23edb54be47e-134611442.vk.flv», аудиофайл «35ac8512a9aa.mp3», аудиофайл «235dc10525c3.mp3», видеофайл «823fd39314.240.mp4», видеофайл «01526a0a5af2-107280514.vk.flv», видеофайл «b785896f56d8-118227305.vk.flv», видеофайл «c7095125dl93-242724.vk,flv», аудиофайл «cb9eaa71184a.mp3», видеофайл «dlf30f3e9b.240.mp4», видеофайл «d61e4c32a775-74051905.vk.flv», видеофайл «e82e51a84e.360.mp4», видеофайл «f4c06dc627.480.mp4»",Видеофайл,Видеоролик,Видеоролик,Публицистика,видео,файл,,"видеофайл ""d61e4c32a775-74051905. vk. flv"" ",0.0,,,Волошин Д.,,,vk.com,Волошин Д.,,,Удаленный сервер,???,,,0.0,vk.com,Заречный районный суд Свердловской области,2014-03-06 00:00:00,2018-12-05,страница персональный контакт видеофайл димас социальный аудиофайл сеть волошин аудио видеоматериал размещать,Национальная рознь
"Аудио и видеоматериалы, размещенные на персональной странице «Димас Волошин в социальной сети «В контакте», а именно: видеофайл «0abc3bll50cc-136345083.vk.flv», видеофайл «0ba556dbel.flv», аудиофайл «3bdca2a5ae72.mp3», видеофайл «3d5976833e03-81899545.vk.flv», видеофайл «7abd2853fl.flv», видеофайл «8ce707c41534-66234873.vk.flv», видеофайл «9ba749cb04.240.mp4», видеофайл «13e3130ed5.240.mp4», видеофайл «21db5217fbf9-1114205095.vk.flv», видеофайл «23edb54be47e-134611442.vk.flv», аудиофайл «35ac8512a9aa.mp3», аудиофайл «235dc10525c3.mp3», видеофайл «823fd39314.240.mp4», видеофайл «01526a0a5af2-107280514.vk.flv», видеофайл «b785896f56d8-118227305.vk.flv», видеофайл «c7095125dl93-242724.vk,flv», аудиофайл «cb9eaa71184a.mp3», видеофайл «dlf30f3e9b.240.mp4», видеофайл «d61e4c32a775-74051905.vk.flv», видеофайл «e82e51a84e.360.mp4», видеофайл «f4c06dc627.480.mp4»",Видеофайл,Видеоролик,Видеоролик,Публицистика,видео,файл,,"видеофайл ""e82e51a84e. 360. mp4"" ",0.0,,,Волошин Д.,,,vk.com,Волошин Д.,,,Удаленный сервер,???,,,0.0,vk.com,Заречный районный суд Свердловской области,2014-03-06 00:00:00,2018-12-05,страница персональный контакт видеофайл димас социальный аудиофайл сеть волошин аудио видеоматериал размещать,Национальная рознь
"Аудио и видеоматериалы, размещенные на персональной странице «Димас Волошин в социальной сети «В контакте», а именно: видеофайл «0abc3bll50cc-136345083.vk.flv», видеофайл «0ba556dbel.flv», аудиофайл «3bdca2a5ae72.mp3», видеофайл «3d5976833e03-81899545.vk.flv», видеофайл «7abd2853fl.flv», видеофайл «8ce707c41534-66234873.vk.flv», видеофайл «9ba749cb04.240.mp4», видеофайл «13e3130ed5.240.mp4», видеофайл «21db5217fbf9-1114205095.vk.flv», видеофайл «23edb54be47e-134611442.vk.flv», аудиофайл «35ac8512a9aa.mp3», аудиофайл «235dc10525c3.mp3», видеофайл «823fd39314.240.mp4», видеофайл «01526a0a5af2-107280514.vk.flv», видеофайл «b785896f56d8-118227305.vk.flv», видеофайл «c7095125dl93-242724.vk,flv», аудиофайл «cb9eaa71184a.mp3», видеофайл «dlf30f3e9b.240.mp4», видеофайл «d61e4c32a775-74051905.vk.flv», видеофайл «e82e51a84e.360.mp4», видеофайл «f4c06dc627.480.mp4»",Видеофайл,Видеоролик,Видеоролик,Публицистика,видео,файл,,"видеофайл ""f4c06dc627. 480. mp4""",0.0,,,Волошин Д.,,,vk.com,Волошин Д.,,,Удаленный сервер,???,,,0.0,vk.com,Заречный районный суд Свердловской области,2014-03-06 00:00:00,2018-12-05,страница персональный контакт видеофайл димас социальный аудиофайл сеть волошин аудио видеоматериал размещать,Национальная рознь
"Материалы – видеофайл, фотографии и текст, расположенные в сети «Интернет» на сайте «vkontakte.ru» по адресу: http://vkontakte.ru/id46177005",Видеофайл (фотографии и текст),Страница соц.сети,Аккаунт соц.сети / группа,Публицистика,мультимедиа,веб-сайт,,Аккаунт ВК (id46177005),0.0,,,,,,vk.com,,,,Удаленный сервер,not identified,,,0.0,vk.com/id46177005,Нижневартовский городской суд Ханты-Мансийского АО,2012-03-01 00:00:00,2018-12-07,располагать фотография сайт сеть видеофайл интернет адрес текст материал,Национальная рознь
"Страница, созданная неустановленными лицами по адресу: «ww.vd.ad»",Страница,Страница соц.сети,Аккаунт соц.сети / группа,Публицистика,мультимедиа,веб-сайт,,"Страница в соц.сети ""vd.ad""",0.0,,,,,,vk.com,,,,Удаленный сервер,???,,"Предположительно, ВК",0.0,vk.com,Октябрьский районный суд Ростова-на-Дону,2015-10-26 00:00:00,2018-12-21,лицо создавать страница адрес неустановленный,Национальная рознь
"Книга Дрозд Б.Д. «Вождь «враждебной рати», разгаданная тайна Александра Блока», изданная издательской фирмой «Жар-Птица» г.Хабаровск в 2011 году на 248 страницах, тираж 50 экземпляров",Книга,Книга,Непериодическое издание,Публицистика,текст,непериодическое издание,Дрозд Б.Д.,Вождь враждебной рати: разгаданная тайна Александра Блока,2.0,,,Жар-Птица,Жар-Птица,Жар-Птица,,,Хабаровск,2011,Бумага,???,,,1.0,,Ленинский районный суд Комсомольска-на-Амуре Хабаровского края,2018-10-23 00:00:00,2019-01-22,издавать книга жар-птица тайна рать дрозд вождь фирма страница издательский блок разгадывать д враждебный экземпляр г хабаровск тираж александр год,Национальная рознь
"Видео-, аудиозапись и текст песни под названием «Твой нож разберется», начинающиеся словами «Интернационалисты загалдели…» и заканчивающиеся словами «.. .твой нож разберется» (решение Абаканского городского суда Республики Хакасия от 29.04.2021);","Видео-, аудиозапись и текст песни",Музыкальная композиция,Текст песни,Художественный текст,видео,файл,,Твой нож разберется,1.0,,,,,,ne ukaz,,,,Удаленный сервер,,,,0.0,ne ukaz,Абаканский городской суд Республики Хакасия,2021-04-29 00:00:00,2021-06-25,видео суд республика решение нож слово разбираться абаканский заканчиваться песня хакасия городской текст интернационалист начинаться загалдеть аудиозапись название,Национальная рознь
"Информационный материал в виде текста, начинающегося со слов: «Этот текст о герое Михаиле Жлобицком мы опубликовали год назад» или «Что можно сказать о атаке в Архангельске», заканчивающегося словами: «Вечная память Герою!» (решение Центрального районного суда города Воронежа от 10.06.2021);",Информационный материал в виде текста,Пост в соц.сети,Интерактивный текст на сайте,Политический текст,текст,файл,,Этот текст о герое Михаиле Жлобицком мы опубликовали год назад,1.0,,,,,,ne ukaz,,,,Удаленный сервер,Против власти,,,1.0,ne ukaz,Центральный районный суд города Воронежа ,2021-06-10 00:00:00,2021-08-17,суд решение слово вид заканчиваться центральный архангельск материал вечный районный сказать михаил можно начинаться информационный опубликовывать воронеж герой город жлобицкий память атака текст год,Национальная рознь
"Аудиофайл под названием «The Senseless Insane - Рожден Чтоб Убивать» продолжительностью 2 минуты 35 секунд, начинающийся словами «Я повторяю сдохнешь.., заканчивающееся словами «Я ненавижу всех людей, их детей, дочерей» (решение Центрального районного суда г. Красноярска от 14.09.2020 и определение Центрального районного суда г. Красноярска от 21.05.2021);",Аудиофайл,Музыкальная композиция,Текст песни,Художественный текст,аудио,файл,The Senseless Insane,Рожден чтоб убивать,2.0,(02:35),,,,,ne ukaz,,,,Удаленный сервер,,,,0.0,ne ukaz,Центральный районный суда г. Красноярска,2021-09-14 00:00:00,2021-08-17,суд решение слово заканчиваться центральный повторять красноярск название районный человек секунда рожать ненавидеть убивать начинаться продолжительность ребенок сдыхать минута дочь аудиофайл г определение,Социальная рознь
"Аудиоматериал «Виселица-Убивать» продолжительностью 03 минуты 19 секунд, начинающийся со слов: «Ну что, позорная свинья», заканчивающийся словами: «Убивать, так убивать» (решение Центрального районного суда г. Воронежа от 10.06.2021);",Аудиофайл,Музыкальная композиция,Текст песни,Художественный текст,аудио,файл,Виселица,Убивать,2.0,(03:19),,,,,ne ukaz,,,,Удаленный сервер,,,,0.0,ne ukaz,Центральный районный суда г. Воронежа,2021-06-10 00:00:00,2021-08-17,суд аудиоматериал виселица решение секунда минута районный слово свинья заканчиваться г воронеж центральный позорный убивать начинаться продолжительность,Национальная рознь
"Аудиозапись под названием: «Моджахед - Торнадо», начинающаяся словами «Я своих людей на убой никогда не поведу…» и заканчивающаяся словами «… Я убью вас всех», продолжительностью 2 минуты 48 секунд, размещенная в сети «Интернет» (решение Мышкинского районного суда Ярославской области от 11.06.2021);",Аудиозапись,Музыкальная композиция,Текст песни,Художественный текст,аудио,файл,Моджахед,Торнадо,2.0,(02:48),,,,,ne ukaz,,,,Удаленный сервер,,,,0.0,ne ukaz,Мышкинский районный суд Ярославской области,2021-06-11 00:00:00,2021-09-08,суд решение слово убой заканчиваться ярославский аудиозапись название районный человек секунда интернет убивать сеть начинаться продолжительность мышкинский минута никогда область размещать моджахед торнадо поводить,Антигосударственные призывы
"Аудиозапись исполнителя «Околорэп feat. Аргентина» - «Интересно» (продолжительностью 3 минуты 18 секунд, начинается словами «Витя с Околорэпа сорвал голос на секторе. Привет синтетике», заканчивается словами «Мне интересно, к концу этой песни …»), содержащаяся в информационно-коммуникационной сети «Интернет» (решение Октябрьского районного суда Амурской области от 29.06.2021);",Аудиозапись,Музыкальная композиция,Текст песни,Художественный текст,аудио,файл,Околорэп feat. Аргентина,Интересно,2.0,(03:19),,,,,ne ukaz,,,,Удаленный сервер,,,,0.0,ne ukaz,Октябрьский районный суд Амурской области,2021-06-29 00:00:00,2021-09-08,суд решение слово витя заканчиваться сектор синтетика конец аудиозапись коммуникационный районный секунда амурский песня интернет сорвать информационный начинаться продолжительность сеть содержаться голос околорэп минута область аргентина октябрьский исполнитель,Национальная рознь
"Аудиозапись: «Руслан Абу Ибрахим» - «9 мая», длительностью 02 минуты 26 секунд, за исключением сур, аятов и цитат из Корана (решение Вахитовского районного суда города Казани от 29.06.2021);",Аудиозапись,Лекция в аудиоформате,,Прокламация,аудио,файл,Руслан Абу Ибрахим,9 мая,2.0,,,,,,ne ukaz,,,,Удаленный сервер,,,,1.0,ne ukaz,Вахитовский районный суд города Казани,2021-06-29 00:00:00,2021-09-08,суд решение аят исключение аудиозапись районный секунда сура вахитовский май цитата руслан абу минута длительность город ибрахим коран казань,Религиозная рознь
"Аудиозапись: «Руслан Абу Ибрахим» - «О такфире рафидитов-хусиев, о близорукости саляф-форума в вопросах манхаджа, об Амаше», длительностью 01 час 00 минут 41 секунда, за исключением сур, аятов и цитат из Корана (решение Вахитовского районного суда города Казани от 29.06.2021);",Аудиозапись,Лекция в аудиоформате,,Прокламация,аудио,файл,Руслан Абу Ибрахим,Призыв к справедливости и объективности,2.0,(01:03:00),,,,,ne ukaz,,,,Удаленный сервер,,,,0.0,ne ukaz,Вахитовский районный суд города Казани,2021-06-29 00:00:00,2021-09-08,суд решение аят вопрос исключение такфирь манхадж аудиозапись районный секунда хусиев сура час вахитовский форум руслан цитата абу саляф минута длительность город ибрахим близорукость амаша коран рафидит казань,Религиозная рознь
"Аудиозапись: «Руслан Абу Ибрахим» - «Призыв к справедливости и объективности», длительностью 1 час 03 минуты 18 секунд, за исключением сур, аятов и цитат из Корана (решение Вахитовского районного суда города Казани от 29.06.2021);",Аудиозапись,Лекция в аудиоформате,,Прокламация,аудио,файл,Руслан Абу Ибрахим,"О такфире рафидитов-хусиев, о близорукости саляф-форума в вопросах манхаджа, об Амаше",2.0,(01:00:00),,,,,ne ukaz,,,,Удаленный сервер,,,,0.0,ne ukaz,Вахитовский районный суд города Казани,2021-06-29 00:00:00,2021-09-08,суд решение аят исключение призыв аудиозапись районный секунда сура час вахитовский цитата справедливость руслан абу минута длительность город ибрахим объективность коран казань,Религиозная рознь
"Аудиозапись «Крада – Белый Штурм» длительностью 2 мин. 47 сек., начинающаяся со слов: «Четче шаг! Врата небес открыты…», размещенная в сети «Интернет» (решение Центрального районного суда г. Тулы от 31.08.2021);",Аудиозапись,Музыкальная композиция,Текст песни,Художественный текст,аудио,файл,Крада,Белый шум,2.0,(02:47),,,,,ne ukaz,,,,Удаленный сервер,,,,1.0,ne ukaz, Центральный районный суд г. Тулы,2021-08-31 00:00:00,2021-11-08,суд решение слово центральный штурм открывать аудиозапись белый районный интернет небо четко сеть начинаться крад шаг длительность размещать сечь г тула мина врата,Национальная рознь
"Видеоклип музыкальной группы «Контрреволюция» под названием «Они чужие», начинающийся словами «Коварством и ложью они получили власть, на русских слезах и костях пировали всласть…» и заканчивающийся словами «Они чужие, они из тьмы, они на службе у Сатаны, они чужие» продолжительностью 05 мин. 22 сек. (решение Советского районного суда г. Нижнего Новгорода от 29.04.2021 и определение Советского районного суда г. Нижнего Новгорода от 10.09.2021);",Видеоклип,Видеоклип,Текст песни,Художественный текст,видео,файл,Контрреволюция,Они чужие,1.0,(05:22),,,,,ne ukaz,,,,Удаленный сервер,,,,0.0,ne ukaz, Советский районный суд г. Нижнего Новгорода,2021-04-29 00:00:00,2021-11-08,всласть контрреволюция получать решение суд слово заканчиваться пировать новгород название районный коварство власть тьма видеоклип начинаться продолжительность нижний служба сечь советский сатана русский слеза г музыкальный определение группа чужой ложь кость мина,Национальная рознь
Информационный материал – аудиозапись группы «НЕтолерантный» под названием «Убей их всех» (решение Ленинского районного суда г. Тамбова от 27.09.2021);,Информационный материал-аудиозапись,Музыкальная композиция,Текст песни,Художественный текст,аудио,файл,НЕтолерантный,Убей их всех,2.0,,,,,,ne ukaz,,,,Удаленный сервер,,,,0.0,ne ukaz,Ленинский районный суд г. Тамбова,2021-09-27 00:00:00,2021-11-23,суд районный решение тамбов материал г группа убивать ленинский информационный нетолерантный аудиозапись название,Национальная рознь
Исключен,,,,,,,,,,,,,,,ne ukaz,,,,Удаленный сервер,,,,,,,,,исключать,Национальная рознь
"Книга «Женщина в Берлине. Дневник - с 20 апреля по 22 июня 1945 года», автора Марты Хиллерс, начинающаяся словами: «Да, война подкрадывается к Берлину…» и заканчивающаяся словами: «…Возможно, мы с ним еще найдем дорогу друг к другу.» (решение Абаканского городского суда Республики Хакасия от 06.09.2021);",Книга,Книга,,Воспоминания,текст,произведение,Марта Хиллерс,Женщина в Берлине. Дневник - с 20 апреля по 22 июня 1945 года,2.0,,,,,,ne ukaz,,,,Удаленный сервер,,,,1.0,ne ukaz,Абаканский городской суд Республики Хакасия ,2021-09-06 00:00:00,2021-11-23,суд решение книга слово находить заканчиваться женщина подкрадываться республика дорога война хиллерс берлин начинаться городской апрель июнь дневник друг автор марта абаканский хакасия год,Национальная рознь
"Аудиозапись «МДП-Леон Дегрель» продолжительностью 4 мин. 33 сек., начинающаяся со слов: «Глас вопиющего в пустыне, Роландов рог…», и заканчивающаяся словами: «…И ты сказал в свой звездный час: «Всем миром вы нас задавили, но вы не победили нас» (решение Советского районного суда г. Рязани от 20.08.2021);",Аудиозапись,Музыкальная композиция,Текст песни,Художественный текст,аудио,файл,МДП,Леон Дегрель,2.0,(04:33),,,,,ne ukaz,,,,Удаленный сервер,,,,0.0,ne ukaz,Советский районный суд г. Рязани,2021-08-20 00:00:00,2021-11-23,суд решение слово заканчиваться мина пустыня леон аудиозапись вопиющий районный сказать час дегрель начинаться продолжительность побеждать мир рог глас сечь рязань советский г звездный роланд задавливать,Национальная рознь
"Аудиозапись «Dagaz – Песня о казаках добровольцах» продолжительностью 2 мин. 26 сек., начинающаяся со слов: «Под свободные знамена добровольческих полков…», и заканчивающаяся словами: «…  Под свободные знамена добровольческих полков. От Кубани и до Дона шли отряды казаков» (решение Советского районного суда г. Рязани от 20.08.2021);",Аудиозапись,Музыкальная композиция,Текст песни,Художественный текст,аудио,файл,Dagaz,Песня о казаках добровольцах,1.0,(02:26),,,,,ne ukaz,,,,Удаленный сервер,,,,1.0,ne ukaz,Советский районный суд г. Рязани,2021-08-21 00:00:00,2021-11-23,суд решение кубань слово заканчиваться полк добровольческий аудиозапись знамя районный песня отряд начинаться продолжительность казак свободный сечь рязань советский идти г доброволец мина,Национальная рознь
"Информационный материал - аудиофайл «(А)Jolly(V)Roger(E)-С.Л.О.Н.», начинающийся со слов «Все в углу теперь ты, мразь, … и заканчивающийся словами « … чик и ты уже на небесах», длительностью 2 минуты 58 секунд (решение Козловского районного суда Чувашской Республики от 15.10.2021);",аудиозапись,Музыкальная композиция,Текст песни,Художественный текст,аудио,файл,(А)Jolly(V)Roger(E),С.Л.О.Н.,2.0,(02:58),,,,,ne ukaz,,,,Удаленный сервер,,,,0.0,ne ukaz,Козловский районный суд Чувашской республики,2021-10-15 00:00:00,2021-12-06,теперь суд решение слово заканчиваться материал республика районный секунда небо угол начинаться информационный л минута длительность мразь аудиофайл чувашский чик козловский,Национальная рознь
"Аудиофайл исполнителя Ансамбль Христа Спасителя и Мать Сыра Земля под названием: «Тебе запрещают», продолжительностью 2 минуты 43 секунды, начинающийся словами «Тебе запрещают войну и победу …» и заканчивающийся словами «П..ди, жги и вешай», размещенный в открытом доступе в сети «Интернет» (решение Центрального районного суда г. Красноярска от 27.07.2021);",аудиозапись,Музыкальная композиция,Текст песни,Художественный текст,аудио,файл,Ансамбль Христа Спасителя и Мать Сыра Земля,Тебе запрещают,2.0,(02:43),,,,,ne ukaz,,,,Удаленный сервер,,,,0.0,ne ukaz,Центральный районный суд г. Красноярска,2021-07-27 00:00:00,2021-07-27,ансамбль мать суд решение слово заканчиваться победа центральный запрещать п красноярск название христос вешать спаситель сыр районный секунда война интернет начинаться сеть продолжительность открытый минута доступ аудиофайл земля размещать жечь г исполнитель ди,Национальная рознь
"Электронная книга «Озарение» (изд.декабрь 2019 г., авторы «Абу Мансур Руси», «Абу Ахмад Дагестани») (решение Таганского районного суда г. Москвы от 29.06.2021);",Электронная книга,Книга в цифровом формате,Непериодическое издание,,текст,файл,"Абу Мансур Руси, Абу Ахмад Дагестани",Озарение,2.0,,,,,,ne ukaz,,,,Удаленный сервер,,,,0.0,ne ukaz,Таганский районный суд г. Москвы,2021-06-29 00:00:00,2021-12-27,мансур электронный суд районный абу решение книга озарение изда автор русь таганский декабрь г дагестануть ахмад москва,Религиозная рознь
"Видеофайл с названием «Исусьи Шлепки», продолжительностью 05 мин. 51 сек., начинающейся демонстрацией видеозаписи в виде мультипликационного (анимационного) фильма с изображением древа (дерева) на первом плане и нескольких холмов на втором плане, по одному из которых идут несколько человек, облаченных в одеяния схожие с хитонами, ведущих диалог, начинающийся словами «А потом мне приснилось, что «Иуда» продаст тебя  …», и заканчивающийся изображением под музыкальное сопровождение похожее на звук музыкального инструмента «волынка» крупным планом мужчины с бородой и усами, облаченного в одеяние состоящего из двух цветов - белого и синего, схожее с хитоном, который развел свои руки по сторонам обратив ладони к небу, переходящее в изображение крупным планом лица того же мужчины на фоне, состоящего их серого и оранжевого цветов, изображающих небо (решение Новгородского районного суда Новгородской области от 29.12.2021);",Видеофайл,Видеоролик,Видеоролик,,видео,файл,,Исусьи шлепки,1.0,(05:51),,,,,ne ukaz,,,,Удаленный сервер,,,,1.0,ne ukaz,Новгородский районный суд Новгородской области ,2021-12-29 00:00:00,2022-03-02,обращать изображать суд борода сторона сопровождение решение дерево слово облачать вид видеофайл заканчиваться иуда похожий крупный шлепка название демонстрация белый районный человек мультипликационный анимационный ведущий хитон небо звук диалог серый начинаться продолжительность присниться лицо инструмент разводить ладонь план синий исусья новгородский оранжевый схожий фильм потом продавать волынка холм мужчина второй сечь древо область идти первый цветок переходить музыкальный изображение один одеяние мина состоять рука видеозапись ус,Национальная рознь
"Видеоролик под наименованием «Судья Грэмм (1 серия)», продолжительностью 6 минут (решение Набережночелнинского городского суда Республики Татарстан от 28.12.2021);",Видеоролик,Видеоролик,Видеоролик,,видео,файл,,Судья Грэмм,2.0,(06:00),,,,,ne ukaz,,,,Удаленный сервер,,,,1.0,ne ukaz,Набережночелнинский городской суд Республики Татарстан,2021-12-28 00:00:00,2022-03-02,видеоролик суд решение набережночелнинский минута судья серия наименование городской грэмм татарстан продолжительность республика,Религиозная рознь
"Информационный материал – аудиозапись (музыкальное произведение) «Снова в бой» исполнителя «Банда Москвы» продолжительностью 02 мин. 33 сек., начало песни: «Он не отступит никогда», окончание: «И значит снова в бой» (решение Лобненского городского суда Московской области от 28.12.2021);",Информационный материал-аудиозапись,Музыкальная композиция,Текст песни,Художественный текст,текст,файл,Банда Москвы,Снова в бой,2.0,(02:53),,,,,ne ukaz,,,,Удаленный сервер,,,,0.0,ne ukaz,Лобненский городской суд Московской области,2022-12-28 00:00:00,2022-04-12,суд решение окончание материал аудиозапись песня снова информационный продолжительность произведение городской никогда москва область сечь бой музыкальный начало исполнитель мина московский банда лобненский отступать,Пропаганда нацизма
"Статья (публикация) под названием «Герои нашего времени», автор AWDR, с текстом, начинающимся словами: «Их называют Святыми. Они-новые герои белой расы.» и заканчивающийся словами: «Будьте готовы к любому исходу операции. Все остальное зависит от вас.», размещенная в информационно-коммуникационной сети «Интернет» (решение Железнодорожного районного суда г. Ульяновска от 16.02.2022);",Статья (публикация),Статья в цифровом формате,Интерактивный текст на сайте,Публицистика,текст,файл,AWDR,Герои нашего времени,1.0,,,,,,ne ukaz,,,,Удаленный сервер,,,,0.0,ne ukaz,Железнодорожный районный суд г. Ульяновска,2022-02-16 00:00:00,2022-04-12,раса железнодорожный суд решение готовый слово операция заканчиваться зависеть название коммуникационный белый районный остальное интернет публикация начинаться информационный сеть ульяновск называть быть святой новый время герой размещать автор исход статья г текст,Национальная рознь
"Информационный материал - аудиофайл под названием «Москва без чурок» неизвестного исполнителя, продолжительностью 1 минута 52 секунды, начинающийся со слов «Москва без чурок…» и заканчивающийся словами «…за это убийство ответят ваши дети», распространенный в сети «Интернет» (решение Данковского городского суда Липецкой области от 08.10.2021);",Информационный материал-аудиофайл,Музыкальная композиция,Текст песни,Художественный текст,текст,файл,,Москва без чурок,1.0,(01:52),,,,,ne ukaz,,,,Удаленный сервер,,,,0.0,ne ukaz,Данковский городской суд Липецкой области,2021-10-08 00:00:00,2022-04-12,липецкий суд решение слово заканчиваться убийство материал название секунда отвечать интернет начинаться сеть продолжительность информационный ребенок минута данковский неизвестный городской аудиофайл москва область чурка распространять исполнитель,Национальная рознь
"Информационный материал – аудиофайл: «Lil Fill - Молодые, веселые, злые», продолжительностью около 2 минут 56 секунд, с текстом песни, начинающимся словами: «Проснитесь братья, настало наше время…» и заканчивающимся словами: «… Мы молодые, веселые, злые», находящийся в сети Интернет в свободном доступе (решение Советского районного суда г. Ростова-на-Дону от 10.02.2022);",Информационный материал-аудиофайл,Музыкальная композиция,Текст песни,Художественный текст,текст,файл,Lil Fill,"Молодые, веселые, злые",1.0,(02:56),,,,,ne ukaz,,,,Удаленный сервер,,,,0.0,ne ukaz,Советский районный суд г. Ростова-на-Дону,2022-02-10 00:00:00,2022-04-27,суд решение веселый слово заканчиваться наставать материал находиться районный секунда песня интернет брат начинаться информационный продолжительность сеть ростов-на-дону минута доступ молодой время аудиофайл свободный советский злой г текст просыпаться,Национальная рознь
"Информационный материал – аудиофайл: «Леша Джонзи – Трезвая Злая Молодежь. 2015», продолжительностью около 3 минут 12 секунд, с текстом песни, начинающимся словами: «Специально для паблика «Трезвая злая молодежь», А мы вам верили, каждому вашему слову…» и заканчивающимся словами: «…Чтобы никто не смог управлять тобой», находящийся в сети Интернет в свободном доступе (решение Советского районного суда г. Ростова-на-Дону от 10.02.2022);",Информационный материал-аудиофайл,Музыкальная композиция,Текст песни,Художественный текст,текст,файл,Леша Джонзи,Трезвая злая молодежь,2.0,(03:12),,,,,ne ukaz,,,,Удаленный сервер,,,,0.0,ne ukaz,Советский районный суд г. Ростова-на-Дону,2022-02-10 00:00:00,2022-04-27,управлять суд решение слово заканчиваться материал находиться верить районный секунда песня интернет начинаться информационный продолжительность леша трезвый молодежь сеть ростов-на-дону минута доступ специально смочь аудиофайл паблик свободный советский джонзи злой г текст,Национальная рознь
"Стихотворный текст, начинающийся со слов: «В коридоре тюремном я слышу шаги» и заканчивающийся словами: «Но я знаю, что гибель моя – лишь начало» (решение Горно-Алтайского городского суда Республики Алтай от 25.04.2022);",Стихотворный текст,Стихотворение,,Художественный текст,текст,произведение,,В коридоре тюремном я слышу шаги,1.0,,,,,,ne ukaz,,,,Удаленный сервер,,,,1.0,ne ukaz,Горно-Алтайский городской суд Республики Алтай ,2022-04-25 00:00:00,2022-07-06,слышать суд коридор решение слово шаг горно-алтайский заканчиваться алтай тюремный начало текст гибель стихотворный начинаться городской республика,Национальная рознь
"Видеоматериал под названием: «Полковник Шендаков обратился к женам росгвардейцев и полицейских», размещенный в сети «Интернет», продолжительностью 04 минуты 53 секунды (решение Красногорского городского суда Московской области от 18.07.2022);",Видеофайл,Видеоролик,Видеоролик,,видео,файл,,Полковник Шендаков обратился к женам росгвардейцев и полицейских,1.0,(04:53),,,,,ne ukaz,,,,Удаленный сервер,,,,1.0,ne ukaz,Красногорский городской суд Московской области, 18.07.2022,2022-09-19,суд решение красногорский обращаться название полицейский секунда полковник интернет шендаков росгвардеец сеть продолжительность видеоматериал минута городской жена область размещать московский,Религиозная рознь
"Видеоматериал под названием: «СУРКОВ ОБЕЩАЛ ДОНБАССУ ВОЙНУ! Михаил Шендаков/ПРЯМОЙ ЭФИР СТ // 22.12.2019», продолжительностью 59 минут 12 секунд, размещенный в сети «Интернет» (решение Красногорского городского суда Московской области от 18.07.2022);",Видеофайл,Видеоролик,Видеоролик,,видео,файл,,Михаил Шендаков,1.0,(59:12),,,,,ne ukaz,,,2019,Удаленный сервер,,,,0.0,ne ukaz,Красногорский городской суд Московской области, 18.07.2022,2022-09-20,донбасс ст суд решение красногорский прямой название война секунда михаил обещать интернет шендаков сеть продолжительность видеоматериал сурков эфир минута городской область размещать московский,Национальная рознь
"Материалы, размещенные в русскоязычном сегменте сети «Интернет» в социальной сети «Одноклассники» на странице пользователя под ником «Абу Мухаммад» (решение Октябрьского районного суда г. Екатеринбурга от 14.04.2022);",Материалы,Пост в соц.сети,Аккаунт соц.сети/группа,,,файл,Абу Мухаммад,,0.0,,,,,,Одноклассники,,,,Удаленный сервер,,,,0.0,ne ukaz,Октябрьский районный суд г. Екатеринбурга,2022-04-14 00:00:00,2022-10-19,русскоязычный пользователь суд районный одноклассник абу решение екатеринбург страница сеть октябрьский интернет г социальный материал сегмент размещать мухаммад,Религиозная рознь
"Материал книги «Ценой свободы», автор Блинов К.А. под псевдонимом «Кирилл Риддик», состоящей из 12 глав объемом 197 страниц формата А4, начинающейся словами «Посвящается всем тем, кто прошел через стены испытаний..,» и заканчивающейся словами «…Мы безвозмездно отдаем себя и наши судьбы, изо дня в день, бросая вызов врагам. Сердечно благодарю за помощь Николая М. и К. Вестейн» (решение Советского районного суда г. Нижнего Новгорода от 22.04.2022);",Материал книги,Книга,Непериодическое издание,,текст,непериодическое издание,Блинов К.А (Кирилл Ридик),Ценой свободы ,1.0,,,,,,,,,,Бумага,,,,0.0,ne ukaz, Советский районный суд г. Нижнего Новгорода,2022-04-22 00:00:00,2022-11-25,суд решение безвозмездно книга слово заканчиваться новгород материал сердечно объем районный день страница риддик отдавать враг начинаться николай глава стена судьба нижний посвящаться свобода бросать помощь вестейн советский кирилл цена благодарить вызов автор псевдоним г формат проходить испытание состоять,Национальная рознь
"Текстовый файл «Программа М. К. У .» авторов, использующих псевдонимы «Егор «Маньяк» и «Warrior of Light» (решение Таганского районного суда г. Москвы от 21.07.2022);",Текстовый файл,Статья в цифровом формате,Непериодическое издание,Политический текст,текст,файл,"Егор «Маньяк», Warrior of Light",Программа М.К.У.,1.0,,,,,,,,,,Удаленный сервер,,,,0.0,ne ukaz,Таганский районный суд г. Москвы,2022-07-21 00:00:00,2022-12-12,маньяк использовать суд районный решение таганский автор псевдоним текстовый г программа файл москва егор,Национальная рознь
Видеофайл с названием «ЭКСТРЕННО!!! РАЗВЯЗКА НА ВАШИХ ГЛАЗАХ. ЗАХВАЧЕН ЕДИНСТВЕННЫЙ ПРОТИВНИК ЗВЕРЯ» размещенный в информационно-телекоммуникационной сети «Интернет» (решение Вилючинского городского суда Камчатского края от 06.09.2022);,Видеофайл,Видеоролик,Видеоролик,,видео,файл,,ЭКСТРЕННО!!! РАЗВЯЗКА НА ВАШИХ ГЛАЗАХ. ЗАХВАЧЕН ЕДИНСТВЕННЫЙ ПРОТИВНИК ЗВЕРЯ,1.0,,,,,,,,,,Удаленный сервер,,,,0.0,ne ukaz,Вилючинский городской суд Камчатского края,2022-09-06 00:00:00,2022-12-14,край суд решение видеофайл экстренно зверь название противник интернет вилючинский сеть информационный городской размещать захватить телекоммуникационный единственный камчатский развязка глаз,Национальная рознь
